Name,Date,Rate,Votes,Genre,Duration,Type,Certificate,Episodes,Nudity,Violence,Profanity,Alcohol,Frightening
Lake Mungo,2008,6.3,"20,647","Drama, Horror, Mystery",87 ,Film,R,-,Moderate,Moderate,None,Mild,Severe
Alpha,2018,6.7,"59,238","Action, Adventure, Drama",96 ,Film,PG-13,-,None,Mild,None,None,Moderate
The Kindergarten Teacher,2018,6.7,"14,388","Drama, Thriller",96 ,Film,R,-,Moderate,None,Mild,Mild,None
Tenki no ko,2019,7.5,"31,527","Animation, Drama, Fantasy",112 ,Film,PG-13,-,Mild,Mild,Mild,Mild,Mild
Dalkomhan insaeng,2005,7.5,"38,677","Action, Crime, Drama",119 ,Film,Not Rated,-,None,Severe,Severe,Mild,Moderate
Four Rooms,1995,6.8,"101,583",Comedy,98 ,Film,R,-,Moderate,Moderate,Severe,Moderate,Moderate
Tate no Yuusha no Nariagari,1995,8.1,"9,023","Animation, Action, Adventure",24 ,Series,TV-14,26,Mild,Moderate,Mild,Mild,Moderate
Ma Rainey's Black Bottom,2020,6.9,"47,046","Drama, Music",94 ,Film,R,-,Mild,Mild,Moderate,Mild,Mild
My Struggle,2021,8.7,74,Biography,None,Film,None,-,No Rate,No Rate,No Rate,No Rate,No Rate
The Whole Truth,2016,6.2,"27,223","Crime, Drama, Mystery",93 ,Film,R,-,Mild,Mild,Mild,Mild,Mild
Mallrats,1995,7.1,"119,801","Comedy, Romance",94 ,Film,R,-,Moderate,Mild,Severe,Moderate,None
The Bureau of Magical Things,1995,6.8,"1,608","Family, Fantasy, Mystery",25 ,Series,TV-G,40,None,None,None,None,None
Mommy,2014,8.1,"54,020",Drama,139 ,Film,R,-,Mild,Moderate,Severe,Moderate,Moderate
The Assistant,2019,6.3,"19,964",Drama,87 ,Film,R,-,None,None,Mild,Mild,Mild
The Personal History of David Copperfield,2019,6.4,"17,770","Comedy, Drama",119 ,Film,PG,-,None,Mild,None,Mild,Mild
The Family Man,2000,6.8,"106,632","Comedy, Drama, Fantasy",125 ,Film,PG-13,-,Mild,None,Mild,Mild,None
Elle,2016,7.1,"64,036","Crime, Drama, Thriller",130 ,Film,R,-,Severe,Severe,Moderate,Mild,Severe
Daddy Day Care,2003,5.6,"66,308","Comedy, Family",92 ,Film,PG,-,None,Mild,Mild,None,None
Alvin and the Chipmunks: The Road Chip,2015,5.0,"18,357","Animation, Adventure, Comedy",92 ,Film,PG,-,Mild,Mild,Mild,Mild,Mild
The Red Sea Diving Resort,2019,6.6,"26,953","Drama, History, Thriller",129 ,Film,TV-MA,-,Mild,Moderate,Moderate,Mild,Severe
How High,2001,6.3,"56,036","Comedy, Fantasy",93 ,Film,R,-,Moderate,Mild,Severe,Severe,None
Chugyeokja,2008,7.8,"62,423","Action, Crime, Thriller",125 ,Film,Not Rated,-,Mild,Severe,Moderate,Mild,Severe
Forever,2008,8.3,"55,231","Crime, Drama, Fantasy",43 ,Series,TV-PG,22,None,Moderate,Mild,Mild,Moderate
The Human Centipede II (Full Sequence),2011,3.8,"37,492",Horror,91 ,Film,Not Rated,-,Severe,Severe,Severe,Mild,Severe
Double Indemnity,1944,8.3,"150,448","Crime, Drama, Film-Noir",107 ,Film,Passed,-,None,Mild,None,Mild,Mild
Before the Devil Knows You're Dead,2007,7.3,"100,668","Crime, Drama, Thriller",117 ,Film,R,-,Severe,Moderate,Severe,Severe,Severe
Queen Bees,2021,6.0,887,"Comedy, Drama, Romance",100 ,Film,PG-13,-,None,None,Mild,Moderate,None
Death Race,2008,6.3,"203,578","Action, Sci-Fi, Thriller",105 ,Film,R,-,Mild,Severe,Severe,Mild,Moderate
The Devil Inside,2012,4.2,"35,564",Horror,83 ,Film,R,-,Mild,Severe,Moderate,Mild,Severe
Key and Peele,2012,8.3,"19,008","Action, Adventure, Comedy",30 ,Series,TV-14,55,Moderate,Mild,Moderate,Mild,None
Nothing But Trouble,1991,5.1,"23,688",Comedy,94 ,Film,PG-13,-,Mild,Mild,Mild,Mild,Moderate
A Streetcar Named Desire,1951,8.0,"104,314",Drama,122 ,Film,M/PG,-,Mild,Moderate,Mild,Mild,Moderate
Tootsie,1982,7.4,"102,145","Comedy, Drama, Romance",116 ,Film,PG,-,Mild,None,Moderate,Mild,None
The Guardian,2006,6.9,"90,082","Action, Adventure, Drama",139 ,Film,PG-13,-,Mild,Mild,Moderate,Mild,Moderate
Die in a Gunfight,2021,4.4,"1,579","Action, Comedy, Crime",92 ,Film,R,-,Mild,Moderate,Moderate,Moderate,Mild
Falling,2020,6.5,"4,494",Drama,112 ,Film,R,-,Moderate,Mild,Severe,Mild,Mild
The World's Most Amazing Vacation Rentals,2020,6.7,"1,053",Reality-TV,None,Series,TV-PG,16,No Rate,No Rate,No Rate,No Rate,No Rate
"Midnight, Texas",2020,7.4,"13,219","Drama, Fantasy, Mystery",60 ,Series,TV-14,19,No Rate,No Rate,No Rate,No Rate,No Rate
The 15:17 to Paris,2018,5.3,"31,275","Biography, Drama, Thriller",94 ,Film,PG-13,-,Mild,Moderate,Mild,Mild,Moderate
Bully,2001,6.9,"37,128","Biography, Crime, Drama",108 ,Film,TV-MA,-,Severe,Severe,Severe,Severe,Severe
In the Name of the Father,1993,8.1,"166,459","Biography, Crime, Drama",133 ,Film,R,-,Mild,Moderate,Severe,Moderate,Severe
My Family,1993,7.5,"9,184",Comedy,50 ,Series,None,121,No Rate,No Rate,No Rate,No Rate,No Rate
Pereval Dyatlova,1993,7.8,"1,952","Action, Horror, Thriller",54 ,Series,None,8,No Rate,No Rate,No Rate,No Rate,No Rate
Gargoyles,1993,8.1,"15,468","Animation, Action, Adventure",30 ,Series,TV-Y7,65,None,Moderate,Mild,None,Moderate
High Fidelity,2020,7.7,"9,737","Comedy, Drama, Romance",30 ,Series,TV-MA,10,Moderate,None,Moderate,Moderate,None
Resident Evil: Infinite Darkness,2020,5.8,"8,450","Animation, Action, Horror",26 ,Series,TV-MA,4,None,Severe,Moderate,Mild,Moderate
Prom Night,2008,3.9,"35,232","Horror, Mystery",88 ,Film,PG-13,-,Mild,Moderate,Mild,Moderate,Moderate
Dinosaurs,2008,7.4,"17,814","Comedy, Family, Fantasy",30 ,Series,TV-PG,65,None,None,Mild,Mild,Mild
47 Meters Down: Uncaged,2019,5.0,"23,484","Adventure, Drama, Horror",90 ,Film,PG-13,-,None,Moderate,Mild,None,Severe
Nine to Five,1980,6.9,"30,695",Comedy,109 ,Film,PG,-,Mild,Mild,Mild,Mild,None
The Karate Kid Part III,1989,5.3,"57,543","Action, Drama, Family",112 ,Film,PG,-,None,Mild,Mild,Mild,Mild
Spies in Disguise,2019,6.8,"42,754","Animation, Action, Adventure",102 ,Film,PG,-,Mild,Mild,Mild,None,Mild
The Ghost Ship,1943,6.7,"3,210","Drama, Mystery, Thriller",69 ,Film,Passed,-,None,Mild,None,None,Mild
Love Story,1970,6.9,"32,921","Drama, Romance",100 ,Film,PG,-,Mild,None,Moderate,None,None
Boiler Room,2000,7.0,"51,481","Crime, Drama, Thriller",120 ,Film,R,-,Mild,None,Severe,Mild,Mild
Star Trek VI: The Undiscovered Country,1991,7.2,"73,255","Action, Adventure, Sci-Fi",110 ,Film,PG,-,None,Moderate,Mild,Mild,Moderate
The Vampire Lovers,1970,6.5,"5,958",Horror,91 ,Film,R,-,Moderate,Moderate,No Rate,Mild,No Rate
Twilight Zone: The Movie,1983,6.5,"36,435","Horror, Sci-Fi",101 ,Film,PG,-,None,Mild,Moderate,Mild,Moderate
Lost Girls,2020,6.1,"19,649","Crime, Drama, Mystery",95 ,Film,R,-,None,Mild,Moderate,Mild,Mild
Payback,1999,7.1,"135,215","Action, Crime, Drama",100 ,Film,R,-,Moderate,Severe,Severe,Moderate,Moderate
The Curse of Frankenstein,1957,7.1,"10,424","Horror, Sci-Fi, Thriller",82 ,Film,Approved,-,None,Mild,None,Mild,Moderate
Underworld: Rise of the Lycans,2009,6.6,"155,726","Action, Fantasy, Thriller",92 ,Film,R,-,Moderate,Severe,None,None,Mild
Family Reunion,2009,6.5,"2,297",Comedy,28 ,Series,TV-PG,35,None,None,Mild,None,None
P-Valley,2009,7.1,"2,893","Crime, Drama",60 ,Series,TV-MA,18,Severe,Mild,Moderate,Moderate,Mild
Gake no ue no Ponyo,2008,7.7,"133,751","Animation, Adventure, Comedy",101 ,Film,G,-,None,None,None,None,Mild
Milk,2008,7.5,"169,280","Biography, Drama",128 ,Film,R,-,Moderate,Moderate,Moderate,Moderate,Moderate
Marianne,2019,7.5,"13,352","Drama, Horror, Mystery",50 ,Series,TV-MA,8,Moderate,Severe,Moderate,Moderate,Severe
Coneheads,1993,5.4,"52,943","Comedy, Sci-Fi",88 ,Film,PG,-,Mild,Mild,Mild,Mild,Mild
At Eternity's Gate,2018,6.9,"32,091","Biography, Drama",111 ,Film,PG-13,-,None,None,Mild,Mild,Mild
The Boat That Rocked,2009,7.4,"109,343","Comedy, Drama, Music",135 ,Film,R,-,Moderate,None,Moderate,Moderate,Mild
"The Adventures of Priscilla, Queen of the Desert",1994,7.5,"48,545","Comedy, Music",104 ,Film,R,-,Mild,Mild,Moderate,Mild,Mild
Chasing Amy,1997,7.2,"135,363","Comedy, Drama, Romance",113 ,Film,R,-,Mild,Mild,Severe,Moderate,Mild
Wicked,1997,No Rate,No Votes,"Action, Adventure, Family",None,Film,None,-,No Rate,No Rate,No Rate,No Rate,No Rate
Occupation: Rainfall,2020,5.6,"13,223","Action, Sci-Fi",128 ,Film,R,-,No Rate,No Rate,No Rate,No Rate,No Rate
Defiance,2020,7.0,"41,679","Action, Drama, Sci-Fi",43 ,Series,TV-MA,39,Mild,Moderate,Mild,Mild,No Rate
Once,2007,7.8,"113,668","Drama, Music, Romance",86 ,Film,R,-,None,None,Mild,Mild,None
Sister Act 2: Back in the Habit,1993,5.7,"51,609","Comedy, Family, Music",107 ,Film,PG,-,None,None,Mild,None,None
The Gift,1993,7.2,"20,548","Drama, Fantasy, Mystery",40 ,Series,TV-MA,24,Moderate,Mild,Mild,Mild,Mild
Phantom of the Megaplex,2000,6.4,"3,287","Action, Comedy, Family",89 ,Film,TV-G,-,No Rate,No Rate,No Rate,No Rate,No Rate
Paddington 2,2017,7.8,"68,169","Animation, Adventure, Comedy",103 ,Film,PG,-,None,None,None,None,Mild
The Wild Wild West,2017,8.1,"4,814","Action, Adventure, Sci-Fi",50 ,Series,TV-PG,104,No Rate,Mild,No Rate,No Rate,No Rate
Paradise City,2017,6.8,"1,698","Drama, Fantasy, Music",None,Series,TV-MA,8,Severe,Mild,Moderate,Moderate,None
La migliore offerta,2013,7.8,"113,597","Crime, Drama, Mystery",131 ,Film,R,-,Moderate,Mild,Mild,Mild,Mild
Requiem for a Heavyweight,1962,7.8,"4,159","Drama, Sport",95 ,Film,Not Rated,-,No Rate,No Rate,No Rate,No Rate,No Rate
Godzilla,1998,5.4,"188,531","Action, Sci-Fi, Thriller",139 ,Film,PG-13,-,None,Moderate,Mild,None,Mild
El Chapo,1998,7.8,"16,538","Biography, Crime, Drama",43 ,Series,TV-MA,34,Severe,Moderate,Mild,Severe,Severe
How It Ends,2021,5.1,"1,452",Comedy,82 ,Film,R,-,None,None,Moderate,Mild,None
The Croods,2013,7.2,"202,771","Animation, Adventure, Comedy",98 ,Film,PG,-,None,Mild,None,None,Mild
Beau père,1981,7.0,"2,915","Comedy, Drama, Romance",123 ,Film,None,-,No Rate,No Rate,No Rate,No Rate,No Rate
Plebs,1981,7.9,"7,299",Comedy,25 ,Series,TV-14,39,Moderate,Mild,Moderate,Mild,None
A feleségem története,2021,6.3,352,"Drama, Romance",169 ,Film,None,-,No Rate,No Rate,No Rate,No Rate,No Rate
Seobok,2021,6.1,"2,129","Action, Sci-Fi, Thriller",114 ,Film,TV-MA,-,No Rate,No Rate,No Rate,No Rate,No Rate
Charlie's Angels: Full Throttle,2003,4.9,"125,142","Action, Adventure, Comedy",106 ,Film,PG-13,-,Moderate,Moderate,Mild,Mild,Mild
The Ides of March,2011,7.1,"219,316","Drama, Thriller",101 ,Film,R,-,Mild,None,Severe,Mild,Mild
Masterminds,2016,5.8,"53,353","Biography, Comedy, Crime",95 ,Film,PG-13,-,Mild,Mild,Mild,Mild,None
A Night at the Roxbury,1998,6.2,"59,048","Comedy, Music, Romance",82 ,Film,PG-13,-,Moderate,None,Moderate,Moderate,None
Why Him?,2016,6.2,"106,570",Comedy,111 ,Film,R,-,Moderate,Mild,Severe,Mild,None
Drop Dead Gorgeous,1999,6.6,"35,668","Comedy, Romance, Thriller",97 ,Film,PG-13,-,Mild,Mild,Moderate,Mild,Mild
The Night Comes for Us,2018,7.0,"24,006","Action, Thriller",121 ,Film,TV-MA,-,None,Severe,Severe,Mild,Severe
Now & Later,2009,5.1,"1,704",Drama,99 ,Film,Unrated,-,Severe,None,Mild,Moderate,Severe
The Secret of Sinchanee,2021,4.8,157,Horror,115 ,Film,None,-,No Rate,No Rate,No Rate,No Rate,No Rate
Bloodbath at the House of Death,1984,5.1,"1,557","Horror, Comedy",92 ,Film,R,-,Mild,Moderate,None,Mild,Mild
Holby City,1984,5.8,"1,933",Drama,60 ,Series,TV-PG,1081,Mild,Severe,None,Moderate,Severe
The Legend of Vox Machina,1984,No Rate,No Votes,"Animation, Action, Adventure",None,Series,None,24,No Rate,No Rate,No Rate,No Rate,No Rate
Made of Honor,2008,5.9,"69,861","Comedy, Romance",101 ,Film,PG-13,-,Mild,None,Mild,Mild,None
Lord of the Flies,1990,6.4,"30,109","Adventure, Drama, Thriller",90 ,Film,R,-,None,Moderate,Moderate,None,Moderate
Land of the Dead,2005,6.2,"94,652","Horror, Sci-Fi, Thriller",93 ,Film,R,-,Mild,Severe,Severe,Mild,Severe
Texas Chainsaw Massacre,2021,No Rate,No Votes,"Crime, Horror, Thriller",None,Film,R,-,No Rate,No Rate,No Rate,No Rate,No Rate
Resident Evil: Extinction,2007,6.2,"189,208","Action, Horror, Sci-Fi",94 ,Film,R,-,Mild,Severe,Moderate,Mild,Moderate
Superman III,1983,5.0,"68,005","Action, Adventure, Comedy",125 ,Film,PG,-,Mild,Mild,Mild,Moderate,Moderate
Insidious: The Last Key,2018,5.7,"56,678","Horror, Mystery, Thriller",103 ,Film,PG-13,-,None,Moderate,Mild,Mild,Severe
Ninja Assassin,2009,6.3,"70,502","Action, Thriller",99 ,Film,R,-,None,Severe,Severe,Mild,Severe
The Tick,2009,7.4,"16,983","Action, Adventure, Comedy",29 ,Series,TV-MA,22,Mild,Moderate,Moderate,Mild,Moderate
The Last Temptation of Christ,1988,7.5,"54,990",Drama,164 ,Film,R,-,Severe,Severe,None,Mild,Severe
What Ever Happened to Baby Jane?,1962,8.1,"52,998","Drama, Horror, Thriller",134 ,Film,Passed,-,None,Moderate,Mild,Mild,Moderate
Silver Bullet,1985,6.4,"25,886",Horror,95 ,Film,R,-,None,Severe,Moderate,Mild,Moderate
Raise a Glass to Love,2021,7.1,435,"Comedy, Drama, Romance",84 ,Film,TV-G,-,None,None,None,None,None
Candyman: Farewell to the Flesh,1995,5.3,"12,272","Horror, Thriller",95 ,Film,R,-,Moderate,Severe,Moderate,Mild,Severe
Flight of the Navigator,1986,6.9,"46,368","Adventure, Comedy, Family",90 ,Film,PG,-,None,None,Mild,None,None
May,2002,6.6,"35,849","Comedy, Drama, Horror",93 ,Film,R,-,Mild,Severe,Mild,Moderate,Severe
Seishun Buta Yaro wa Bunny Girl-senpai no Yume wo Minai,2002,8.1,"7,651","Animation, Drama, Fantasy",24 ,Series,TV-PG,14,Mild,Mild,Mild,None,None
Guilty Party,2002,5.5,134,"Comedy, Crime, Mystery",30 ,Series,TV-MA,10,No Rate,No Rate,No Rate,No Rate,No Rate
The Glass House,2001,5.8,"35,395","Crime, Drama, Mystery",106 ,Film,PG-13,-,Mild,Moderate,Moderate,Moderate,Moderate
The Incredible Hulk,2001,7.0,"12,817","Action, Adventure, Drama",60 ,Series,TV-PG,82,None,Mild,None,No Rate,Mild
The Kingdom,2007,7.0,"123,127","Action, Drama, Thriller",110 ,Film,R,-,None,Severe,Moderate,Mild,Severe
Get Smart,2007,8.2,"11,755","Action, Adventure, Comedy",25 ,Series,TV-G,139,None,Mild,None,Mild,Mild
Black Death,2010,6.4,"46,612","Action, Drama, History",102 ,Film,R,-,None,Severe,Moderate,Mild,Severe
Drive Angry,2011,5.4,"96,895","Action, Fantasy, Thriller",104 ,Film,R,-,Severe,Severe,Severe,Moderate,Moderate
Sophie's Choice,1982,7.6,"45,979","Drama, Romance",150 ,Film,R,-,Mild,Mild,Moderate,Mild,Severe
Fresh Meat,1982,7.8,"16,737","Comedy, Drama",50 ,Series,TV-MA,30,Moderate,Mild,Severe,Severe,None
Night of the Creeps,1986,6.8,"22,329","Comedy, Horror, Sci-Fi",88 ,Film,R,-,Moderate,Severe,Moderate,Mild,Moderate
Solaris,1972,8.1,"87,031","Drama, Mystery, Sci-Fi",167 ,Film,PG,-,Mild,Mild,None,Mild,Mild
The Unicorn,1972,7.2,"3,858","Comedy, Drama, Family",22 ,Series,TV-PG,31,Mild,None,None,Mild,Mild
The Worst Witch,1972,7.3,"2,188","Family, Fantasy",30 ,Series,TV-Y7,53,None,Severe,No Rate,No Rate,No Rate
Gumihodyeon,1972,8.0,"2,974","Fantasy, Horror, Romance",70 ,Series,None,16,No Rate,No Rate,No Rate,No Rate,No Rate
Sanyangeui sigan,2020,6.3,"4,785","Action, Crime, Drama",134 ,Film,TV-MA,-,None,Severe,Moderate,Moderate,Moderate
Blood & Treasure,2020,6.7,"4,098","Action, Adventure",60 ,Series,TV-14,25,No Rate,No Rate,No Rate,No Rate,No Rate
My Mad Fat Diary,2020,8.4,"16,109","Comedy, Drama, Romance",47 ,Series,TV-MA,16,Moderate,Mild,Moderate,Moderate,Mild
Haseen Dillruba,2021,6.9,"22,564","Crime, Drama, Mystery",135 ,Film,TV-MA,-,Mild,Moderate,Mild,Mild,Moderate
LOL: Last One Laughing Germany,2021,7.8,"2,063","Comedy, Reality-TV",None,Series,None,12,No Rate,No Rate,No Rate,No Rate,No Rate
End of Days,1999,5.8,"108,103","Action, Fantasy, Horror",122 ,Film,R,-,Moderate,Severe,Moderate,Mild,Severe
Teenage Mutant Ninja Turtles,1999,7.9,"32,324","Animation, Action, Adventure",23 ,Series,TV-Y7,193,None,Mild,None,Mild,Mild
'71,2014,7.2,"53,990","Action, Crime, Drama",99 ,Film,R,-,None,Severe,Severe,Mild,Moderate
Mentiras y gordas,2009,3.8,"2,443","Comedy, Drama",107 ,Film,None,-,No Rate,No Rate,No Rate,No Rate,No Rate
Next Friday,2000,6.2,"38,767",Comedy,98 ,Film,R,-,Moderate,Moderate,Severe,Severe,None
Through the Glass Darkly,2020,6.2,674,Thriller,103 ,Film,None,-,No Rate,No Rate,No Rate,No Rate,No Rate
The Wraith,1986,6.0,"16,019","Action, Horror, Romance",93 ,Film,PG-13,-,Moderate,Mild,Mild,Mild,None
Saving Hope,1986,7.5,"6,557","Drama, Fantasy",43 ,Series,TV-14,85,Moderate,Moderate,Mild,Mild,Moderate
Starman,1984,7.0,"45,271","Romance, Sci-Fi",115 ,Film,PG,-,Mild,Mild,Mild,Mild,Mild
Grimsby,2016,6.2,"97,667","Action, Adventure, Comedy",83 ,Film,R,-,Severe,Moderate,Moderate,Moderate,Mild
Vengeance Is Mine,2021,4.6,161,"Action, Thriller",79 ,Film,None,-,No Rate,No Rate,No Rate,No Rate,No Rate
Mozart in the Jungle,2021,8.1,"23,819","Comedy, Drama, Music",29 ,Series,TV-MA,40,Moderate,Mild,Moderate,Moderate,None
Das Cabinet des Dr. Caligari,1920,8.1,"60,601","Fantasy, Horror, Mystery",76 ,Film,Not Rated,-,None,Mild,None,None,Moderate
Good Luck Charlie,1920,7.0,"20,269","Comedy, Drama, Family",22 ,Series,TV-G,98,None,None,None,None,None
Mad God,2021,7.2,239,Animation,83 ,Film,None,-,No Rate,No Rate,No Rate,No Rate,No Rate
Rebel,2021,7.2,"3,181","Crime, Drama",None,Series,TV-14,10,No Rate,No Rate,No Rate,No Rate,No Rate
Bad Candy,2020,3.8,415,"Horror, Thriller",103 ,Film,None,-,No Rate,No Rate,No Rate,No Rate,No Rate
The Sex Lives of College Girls,2020,No Rate,No Votes,"Comedy, Drama",None,Series,None,10,No Rate,No Rate,No Rate,No Rate,No Rate
Coach,2020,7.0,"6,822","Comedy, Sport",30 ,Series,TV-PG,199,No Rate,No Rate,No Rate,No Rate,No Rate
I onde dager,2021,7.1,"2,165","Action, Comedy, Horror",113 ,Film,TV-MA,-,Mild,Severe,Moderate,Mild,Severe
Sanctuary,2021,7.3,"20,083","Action, Drama, Fantasy",44 ,Series,TV-14,59,Mild,No Rate,Mild,No Rate,Moderate
The Drew Carey Show,2021,6.8,"17,084",Comedy,30 ,Series,TV-PG,233,Mild,Mild,Moderate,Moderate,Mild
But I'm a Cheerleader,1999,6.7,"29,545","Comedy, Drama, Romance",85 ,Film,R,-,Mild,None,Mild,Mild,None
The Light Between Oceans,2016,7.2,"54,706","Drama, Romance",133 ,Film,PG-13,-,Mild,None,None,None,Mild
Necessary Roughness,1991,6.2,"11,324","Comedy, Sport",108 ,Film,PG-13,-,Mild,Moderate,Moderate,Mild,Mild
Greta,2018,6.0,"31,249","Drama, Mystery, Thriller",98 ,Film,R,-,None,Moderate,Mild,Mild,Moderate
All About Steve,2009,4.8,"41,066","Comedy, Romance",99 ,Film,PG-13,-,Mild,None,Mild,Mild,Moderate
Stigmata,1999,6.2,"66,657",Horror,103 ,Film,R,-,Mild,Severe,Moderate,Mild,Moderate
The Sorcerer's Apprentice,2010,6.1,"157,513","Action, Adventure, Family",109 ,Film,PG,-,None,Mild,None,None,Mild
Me and Earl and the Dying Girl,2015,7.7,"127,512","Comedy, Drama",105 ,Film,PG-13,-,Mild,Mild,Mild,Mild,Mild
The Houses October Built,2014,5.2,"9,102","Horror, Thriller",91 ,Film,Not Rated,-,Moderate,Mild,Moderate,Mild,Severe
Truth Seekers,2020,7.1,"11,513","Comedy, Drama, Fantasy",223 ,Series,TV-14,9,Mild,Moderate,Moderate,Mild,Moderate
Tatort,2020,7.1,"3,313","Crime, Drama, Mystery",90 ,Series,None,1184,No Rate,No Rate,No Rate,No Rate,No Rate
Kingdom,2020,8.2,"1,115","Animation, Action, Drama",None,Series,TV-MA,104,None,Mild,No Rate,No Rate,Mild
Sky Rojo,2020,6.6,"7,906","Action, Adventure, Crime",31 ,Series,TV-MA,16,Severe,Severe,Moderate,Severe,Moderate
Death Wish,2018,6.3,"69,408","Action, Crime, Drama",107 ,Film,R,-,Mild,Severe,Severe,Mild,Severe
Nurses,2018,5.8,"1,755",Drama,None,Series,TV-PG,20,No Rate,No Rate,No Rate,No Rate,No Rate
2 Hearts,2020,6.2,"2,685","Drama, Romance",101 ,Film,PG-13,-,Mild,None,Mild,None,None
Transparent,2020,7.7,"22,003","Comedy, Drama",30 ,Series,TV-MA,42,Severe,None,Severe,Moderate,Moderate
Dressed to Kill,1980,7.1,"39,056","Crime, Drama, Mystery",104 ,Film,R,-,Severe,Severe,Moderate,Mild,Moderate
Close Enough,1980,7.9,"7,486","Animation, Comedy, Drama",23 ,Series,TV-14,24,Moderate,Moderate,Moderate,Moderate,Mild
Wij,2018,5.7,"2,461",Drama,100 ,Film,Unrated,-,Severe,Severe,Moderate,Moderate,Severe
Ringu,1998,7.2,"66,897","Horror, Mystery",96 ,Film,Not Rated,-,None,Mild,None,Mild,Severe
Morte a Venezia,1971,7.4,"20,085","Drama, Romance",130 ,Film,GP,-,None,None,None,Mild,Moderate
Miller's Crossing,1990,7.7,"131,196","Crime, Drama, Thriller",115 ,Film,R,-,Mild,Severe,Mild,Moderate,Moderate
Jack Ryan: Shadow Recruit,2014,6.2,"127,667","Action, Drama, Thriller",105 ,Film,PG-13,-,None,Moderate,Moderate,Mild,Moderate
Vanderpump Rules,2014,5.5,"2,404",Reality-TV,43 ,Series,TV-14,177,No Rate,No Rate,No Rate,No Rate,No Rate
The Wolf Man,1941,7.3,"25,483","Horror, Mystery, Romance",70 ,Film,Passed,-,None,None,None,None,None
Heist,2001,6.5,"34,933","Action, Crime, Drama",109 ,Film,R,-,Mild,Severe,Severe,Mild,Mild
Backdraft,1991,6.7,"76,341","Action, Crime, Drama",137 ,Film,R,-,Moderate,Moderate,Moderate,Mild,Severe
Strictly Ballroom,1992,7.2,"26,277","Comedy, Drama, Music",94 ,Film,PG,-,Mild,Mild,Mild,None,None
Regression,2015,5.7,"38,574","Crime, Drama, Mystery",106 ,Film,R,-,Moderate,Moderate,Moderate,Mild,Moderate
The Squid and the Whale,2005,7.3,"81,402","Comedy, Drama",81 ,Film,R,-,Moderate,Mild,Severe,Mild,Mild
Extraction 2,2022,No Rate,No Votes,"Action, Thriller",None,Film,None,-,No Rate,No Rate,No Rate,No Rate,No Rate
Single White Female,1992,6.4,"34,935","Drama, Thriller",107 ,Film,R,-,Moderate,Moderate,Moderate,Mild,Moderate
Wolf Creek,2005,6.2,"70,334","Horror, Thriller",99 ,Film,R,-,Mild,Severe,Severe,Moderate,Severe
A Girl Walks Home Alone at Night,2014,7.0,"33,553","Drama, Horror, Romance",101 ,Film,Not Rated,-,Mild,Moderate,Mild,Severe,Moderate
The Next Three Days,2010,7.3,"191,826","Action, Crime, Drama",133 ,Film,PG-13,-,Mild,Moderate,Moderate,Mild,Moderate
Frantic,1988,6.9,"51,712","Crime, Drama, Mystery",120 ,Film,R,-,Mild,Moderate,Mild,Moderate,Moderate
Gavin & Stacey,1988,8.1,"18,334","Comedy, Romance",29 ,Series,TV-14,22,Mild,None,Mild,Moderate,None
Ji qi zhi xue,2017,5.2,"9,540","Action, Sci-Fi, Thriller",109 ,Film,R,-,Mild,Moderate,Mild,Mild,Mild
W lesie dzis nie zasnie nikt,2020,4.8,"8,886","Horror, Thriller",102 ,Film,TV-MA,-,Moderate,Severe,Moderate,Mild,Moderate
The Way Back,2010,7.3,"113,632","Adventure, Drama, History",133 ,Film,PG-13,-,Mild,Moderate,Mild,Mild,Moderate
Lions for Lambs,2007,6.2,"48,868","Crime, Drama, Mystery",92 ,Film,R,-,None,Moderate,Moderate,None,Mild
Wanderlust,2012,5.6,"74,620","Comedy, Romance",98 ,Film,R,-,Severe,None,Moderate,Moderate,None
Dave Chappelle: Sticks & Stones,2019,8.5,"23,829",Comedy,65 ,Film,TV-MA,-,None,None,Severe,None,None
Hercules: The Legendary Journeys,2019,6.5,"28,825","Action, Adventure, Drama",44 ,Series,TV-G,111,Mild,Moderate,Mild,Mild,Moderate
Sesame Street,2022,No Rate,No Votes,"Adventure, Comedy, Crime",None,Film,None,-,No Rate,No Rate,No Rate,No Rate,No Rate
October Faction,2020,6.2,"9,902","Adventure, Drama, Fantasy",39 ,Series,TV-MA,11,Mild,Moderate,Moderate,Moderate,Mild
The Pelican Brief,1993,6.6,"82,328","Crime, Drama, Mystery",141 ,Film,PG-13,-,Mild,Moderate,Moderate,Mild,Mild
Coupling,1993,8.5,"44,162","Comedy, Romance",30 ,Series,TV-14,28,Mild,None,Moderate,Mild,None
The Last Starfighter,1984,6.8,"40,509","Action, Adventure, Sci-Fi",101 ,Film,PG,-,Mild,Mild,Mild,None,Mild
Your Highness,2011,5.5,"99,591","Adventure, Comedy, Fantasy",102 ,Film,R,-,Moderate,Moderate,Severe,Moderate,Mild
Blood Simple,1984,7.6,"92,368","Crime, Drama, Thriller",99 ,Film,R,-,Mild,Moderate,Moderate,Mild,Moderate
SLC Punk!,1998,7.4,"28,196","Comedy, Drama, Music",97 ,Film,R,-,Mild,Moderate,Severe,Severe,Severe
The Straight Story,1999,8.0,"87,231","Biography, Drama",112 ,Film,G,-,None,None,Mild,Mild,Mild
Charlotte's Web,2006,6.3,"39,711","Adventure, Comedy, Family",97 ,Film,G,-,None,Mild,None,None,Mild
Can You Keep a Secret?,2019,5.3,"13,035","Comedy, Romance",94 ,Film,Not Rated,-,Mild,None,Mild,Mild,None
Courageous,2011,7.0,"20,155",Drama,130 ,Film,PG-13,-,None,Mild,None,Mild,Mild
How to Train Your Dragon 2,2014,7.8,"317,749","Animation, Action, Adventure",102 ,Film,PG,-,None,Mild,None,None,Moderate
The Glades,2014,7.5,"12,580","Action, Crime, Drama",60 ,Series,TV-14,49,Mild,No Rate,Mild,No Rate,Moderate
Valentine's Day,2010,5.7,"116,866","Comedy, Romance",125 ,Film,PG-13,-,Mild,None,Mild,Mild,None
Sabrina,1995,6.3,"38,872","Comedy, Drama, Romance",127 ,Film,PG,-,None,None,Mild,Mild,None
Hardcore Henry,2015,6.7,"91,497","Action, Adventure, Sci-Fi",96 ,Film,R,-,Moderate,Severe,Severe,Moderate,Severe
On the Road,2012,6.1,"40,906","Adventure, Drama, Romance",124 ,Film,R,-,Severe,Mild,Moderate,Severe,None
London Has Fallen,2016,5.9,"151,718","Action, Thriller",99 ,Film,R,-,None,Severe,Severe,None,Severe
Enter the Dragon,1973,7.7,"101,101","Action, Crime, Drama",102 ,Film,R,-,Moderate,Moderate,Mild,Moderate,Moderate
The Commuter,2018,6.3,"110,108","Action, Mystery, Thriller",104 ,Film,PG-13,-,None,Moderate,Moderate,Mild,Moderate
Wild Hogs,2007,5.8,"116,343","Action, Adventure, Comedy",100 ,Film,PG-13,-,Mild,Mild,Moderate,Mild,Mild
Broken City,2013,6.2,"78,405","Action, Crime, Drama",109 ,Film,R,-,Moderate,Moderate,Severe,Mild,Mild
Bolt,2008,6.8,"199,257","Animation, Adventure, Comedy",96 ,Film,PG,-,None,Mild,None,None,Mild
Saw VI,2009,6.0,"107,411","Horror, Mystery, Thriller",90 ,Film,R,-,None,Severe,Severe,Mild,Severe
Lost Girls and Love Hotels,2020,4.6,"3,855",Drama,97 ,Film,R,-,Severe,None,Mild,Severe,None
The Jeffersons,2020,7.4,"8,507",Comedy,30 ,Series,TV-PG,253,None,Mild,Mild,Mild,Moderate
Manbiki kazoku,2018,7.9,"70,151","Crime, Drama",121 ,Film,R,-,Moderate,None,Mild,Mild,Mild
Peter Pan & Wendy,2022,No Rate,No Votes,"Action, Adventure, Comedy",None,Film,None,-,No Rate,No Rate,No Rate,No Rate,No Rate
Repo! The Genetic Opera,2008,6.6,"24,447","Horror, Musical, Sci-Fi",98 ,Film,R,-,Moderate,Severe,Moderate,Moderate,Severe
Disturbing the Peace,2020,3.2,"2,391","Action, Thriller, Western",91 ,Film,R,-,None,Moderate,Mild,Mild,Mild
Superman II,1980,6.8,"103,368","Action, Adventure, Sci-Fi",127 ,Film,PG,-,Mild,Mild,Mild,Mild,Moderate
RV,2006,5.5,"58,262","Adventure, Comedy, Family",99 ,Film,PG,-,Mild,Mild,Mild,Mild,None
Where Eagles Dare,1968,7.6,"55,743","Action, Adventure, War",158 ,Film,M,-,None,Moderate,Mild,Mild,Mild
Rocky V,1990,5.3,"132,097","Drama, Sport",104 ,Film,PG-13,-,Mild,Moderate,Mild,Mild,Moderate
Homeward Bound: The Incredible Journey,1993,7.0,"44,445","Adventure, Comedy, Drama",84 ,Film,G,-,None,Mild,None,None,Mild
Clouds,2020,7.5,"8,286","Biography, Drama, Music",121 ,Film,PG-13,-,Mild,None,Mild,None,Moderate
Fanny och Alexander,1982,8.1,"61,028",Drama,188 ,Film,R,-,Moderate,Moderate,Mild,Moderate,Moderate
The Andromeda Strain,1971,7.2,"35,387","Mystery, Sci-Fi, Thriller",131 ,Film,G,-,Mild,Moderate,Mild,Mild,Moderate
The Postcard Killings,2020,5.8,"8,790","Crime, Drama, Thriller",104 ,Film,Not Rated,-,Mild,Moderate,Moderate,Mild,Moderate
Infinity Train,2020,8.5,"5,593","Animation, Action, Adventure",11 ,Series,TV-PG,40,None,Moderate,None,None,Moderate
My Bloody Valentine,1981,6.3,"20,201","Horror, Mystery, Thriller",90 ,Film,R,-,Mild,Severe,Moderate,Mild,Severe
The Mission,1986,7.4,"59,304","Adventure, Drama, History",125 ,Film,PG,-,Mild,Moderate,None,Mild,Moderate
Alice in Wonderland,1951,7.4,"134,656","Animation, Adventure, Comedy",75 ,Film,G,-,None,None,None,Mild,Mild
How I Live Now,2013,6.5,"29,527","Action, Adventure, Drama",101 ,Film,R,-,Mild,Moderate,Moderate,Mild,Moderate
Little Giants,1994,6.4,"27,565","Comedy, Family, Sport",107 ,Film,PG,-,None,Mild,Mild,None,None
DARLING in the FRANXX,2018,7.4,"7,346","Animation, Action, Drama",24 ,Series,TV-14,26,Moderate,Moderate,Mild,None,Moderate
Transplant,2018,7.9,"3,011",Drama,60 ,Series,TV-14,26,Mild,Moderate,Mild,Mild,Moderate
Life,2018,8.3,"33,396","Crime, Drama, Mystery",45 ,Series,TV-14,32,None,Moderate,No Rate,No Rate,No Rate
Rocky Balboa,2006,7.1,"210,004","Action, Drama, Sport",102 ,Film,PG,-,None,Moderate,Mild,Mild,Mild
The American,2010,6.3,"94,755","Action, Crime, Drama",105 ,Film,R,-,Moderate,Moderate,Mild,Mild,Mild
The Best of Me,2014,6.7,"69,314","Drama, Romance",118 ,Film,PG-13,-,Mild,Moderate,Mild,Mild,Mild
The Escort,2015,6.0,"12,724","Comedy, Drama, Romance",88 ,Film,Not Rated,-,Mild,None,Moderate,Moderate,Mild
Cinderella,1950,7.3,"152,047","Animation, Family, Fantasy",74 ,Film,G,-,None,Mild,None,None,Mild
Teen Titans Go!,1950,5.4,"19,065","Animation, Action, Adventure",10 ,Series,TV-PG,335,Mild,Mild,Mild,None,Mild
Rambo III,1988,5.8,"126,781","Action, Adventure",102 ,Film,R,-,None,Moderate,Mild,Mild,Moderate
Day of the Dead,1988,4.2,273,"Action, Drama, Horror",None,Series,TV-MA,10,No Rate,No Rate,No Rate,No Rate,No Rate
Cake,2014,6.4,"36,369",Drama,102 ,Film,R,-,Mild,Mild,Moderate,Severe,Moderate
Fatima,2020,6.6,"2,503","Drama, War",113 ,Film,PG-13,-,None,Mild,No Rate,Mild,Mild
Body Brokers,2021,6.2,"2,074","Crime, Drama, Thriller",111 ,Film,R,-,None,No Rate,No Rate,Mild,No Rate
Gladiator 2,2021,No Rate,No Votes,"Action, Adventure, Drama",None,Film,None,-,No Rate,No Rate,No Rate,No Rate,No Rate
The Paper Tigers,2020,6.4,"3,074","Action, Comedy",108 ,Film,PG-13,-,None,Mild,Mild,Mild,Moderate
When a Stranger Calls,1979,6.5,"11,232","Horror, Mystery, Thriller",97 ,Film,R,-,Mild,Moderate,Mild,Mild,Moderate
Valhalla Rising,2009,6.1,"58,223","Action, Adventure, Drama",93 ,Film,Not Rated,-,Mild,Severe,Mild,Mild,Severe
Hope Floats,1998,6.1,"26,177","Drama, Romance",114 ,Film,PG-13,-,Mild,None,Mild,Mild,None
Lark Rise to Candleford,1998,8.1,"7,094","Drama, Romance",53 ,Series,TV-PG,40,None,No Rate,None,Mild,Mild
An American Pickle,2020,5.7,"20,255",Comedy,88 ,Film,PG-13,-,None,Mild,Mild,Mild,Mild
Megan Is Missing,2011,4.5,"11,408","Drama, Horror, Thriller",89 ,Film,Not Rated,-,Severe,Severe,Severe,Severe,Severe
Alice,2011,6.8,"4,375",Comedy,30 ,Series,TV-PG,202,No Rate,No Rate,No Rate,No Rate,No Rate
Post Mortem,2020,6.0,558,"Horror, Mystery, Thriller",115 ,Film,None,-,No Rate,No Rate,No Rate,No Rate,No Rate
Wasp Network,2019,5.9,"9,500","Crime, Drama, Thriller",127 ,Film,TV-MA,-,Moderate,Mild,Mild,Mild,Mild
The Legend of Bagger Vance,2000,6.7,"55,440","Drama, Fantasy, Sport",126 ,Film,PG-13,-,Mild,None,Mild,Mild,None
The Runaways,2010,6.5,"47,778","Biography, Drama, Music",106 ,Film,R,-,Moderate,Mild,Severe,Moderate,Mild
The Taking of Pelham One Two Three,1974,7.7,"29,029","Action, Crime, Thriller",104 ,Film,R,-,None,Moderate,Moderate,Mild,Moderate
Maverick,1994,7.0,"107,164","Action, Adventure, Comedy",127 ,Film,PG,-,Mild,Mild,Mild,Mild,Mild
Witness,1985,7.4,"90,773","Crime, Drama, Romance",112 ,Film,R,-,Mild,Moderate,Moderate,None,Mild
The Chronicles of Narnia: The Voyage of the Dawn Treader,2010,6.3,"147,601","Adventure, Family, Fantasy",113 ,Film,PG,-,None,Moderate,None,None,Moderate
Six Days Seven Nights,1998,5.8,"75,045","Action, Adventure, Comedy",102 ,Film,PG-13,-,Mild,Mild,Moderate,Mild,Mild
The Best Exotic Marigold Hotel,2011,7.3,"92,825","Comedy, Drama, Romance",124 ,Film,PG-13,-,Mild,None,Moderate,Mild,None
Serebryanye konki,2020,7.1,"4,098","Adventure, Drama, Family",130 ,Film,TV-MA,-,Mild,Mild,None,Mild,None
The Zero Theorem,2013,6.1,"46,615","Comedy, Drama, Fantasy",107 ,Film,R,-,Moderate,Mild,Moderate,Mild,Moderate
Baki the Grappler,2013,7.6,"1,317","Animation, Action, Drama",24 ,Series,TV-PG,48,None,Severe,No Rate,Mild,Severe
The D'Amelio Show,2013,2.7,"1,022","Documentary, Reality-TV",30 ,Series,TV-14,8,Mild,Severe,No Rate,No Rate,No Rate
Cemetery Junction,2010,6.8,"20,971","Comedy, Drama",95 ,Film,R,-,Mild,Mild,Moderate,Mild,None
The Vast of Night,2019,6.7,"35,084","Drama, Mystery, Sci-Fi",91 ,Film,PG-13,-,None,None,Mild,Mild,Moderate
Lord of Illusions,1995,6.1,"17,044","Horror, Mystery, Thriller",109 ,Film,R,-,Moderate,Severe,Moderate,Moderate,Severe
Chloe,2009,6.3,"71,404","Drama, Mystery, Romance",96 ,Film,R,-,Severe,Mild,Mild,Mild,Mild
Mannequin,1937,6.5,"1,307",Drama,95 ,Film,Passed,-,No Rate,No Rate,No Rate,No Rate,No Rate
Treadstone,2019,7.0,"9,441",Action,44 ,Series,TV-MA,10,Mild,Moderate,Moderate,Mild,Moderate
Helluva Boss,2019,8.3,"2,096","Animation, Comedy, Crime",12 ,Series,TV-MA,10,Moderate,Severe,Severe,Mild,Moderate
Cosa voglio di più,2010,6.0,"2,746","Drama, Romance",126 ,Film,Unrated,-,Moderate,Mild,Mild,Mild,Moderate
Swan Song,2021,7.0,776,Drama,105 ,Film,R,-,No Rate,No Rate,No Rate,No Rate,No Rate
Firestarter,1984,6.1,"30,992","Action, Horror, Sci-Fi",114 ,Film,R,-,None,Moderate,Mild,None,Moderate
Jack the Giant Slayer,2013,6.2,"134,951","Animation, Adventure, Fantasy",114 ,Film,PG-13,-,None,Mild,Mild,None,Moderate
The Last Full Measure,2019,6.8,"10,133","Drama, War",116 ,Film,R,-,None,Severe,Moderate,Mild,Moderate
Of Mice and Men,1992,7.5,"42,378","Drama, Western",115 ,Film,PG-13,-,Mild,Moderate,Mild,Mild,Moderate
"I Love You, Man",2009,7.0,"199,219","Comedy, Romance",105 ,Film,R,-,Mild,None,Severe,Moderate,None
The Cider House Rules,1999,7.4,"96,055","Drama, Romance",126 ,Film,PG-13,-,Moderate,Moderate,Mild,Moderate,Moderate
Paranoia,2013,5.7,"36,163","Drama, Thriller",106 ,Film,PG-13,-,Mild,Mild,Mild,Mild,Mild
The Loved Ones,2009,6.6,"39,338","Crime, Drama, Horror",84 ,Film,R,-,Moderate,Severe,Moderate,Moderate,Severe
Unlocked,2017,6.3,"33,110","Action, Thriller",98 ,Film,R,-,None,Moderate,Moderate,None,Moderate
The Last King of Scotland,2006,7.7,"181,271","Biography, Drama, History",123 ,Film,R,-,Moderate,Severe,Moderate,Mild,Severe
The Sweetest Thing,2002,5.2,"57,442","Comedy, Romance",84 ,Film,R,-,Moderate,Mild,Moderate,Mild,None
Beauty and the Beast,2002,7.0,"6,600","Crime, Fantasy, Drama",60 ,Series,TV-PG,55,No Rate,No Rate,No Rate,No Rate,No Rate
On the Rocks,2020,6.5,"28,026","Comedy, Drama, Romance",96 ,Film,R,-,None,None,Mild,Mild,None
Four Brothers,2005,6.8,"140,127","Action, Crime, Drama",109 ,Film,R,-,Mild,Severe,Severe,Mild,Moderate
The SpongeBob Movie: Sponge on the Run,2020,6.0,"15,469","Animation, Adventure, Comedy",91 ,Film,PG,-,None,Mild,None,None,None
Follow Me,2020,5.4,"9,461","Adventure, Horror, Mystery",91 ,Film,R,-,Mild,Severe,Moderate,Mild,Severe
Congo,1995,5.2,"44,541","Action, Adventure, Mystery",109 ,Film,PG-13,-,Mild,Moderate,Moderate,Mild,Moderate
The Book Thief,2013,7.5,"131,149","Drama, War",131 ,Film,PG-13,-,None,Moderate,Mild,Mild,Moderate
A Single Man,2009,7.5,"109,529","Drama, Romance",99 ,Film,R,-,Mild,Mild,Mild,Mild,Mild
A Goofy Movie,1995,6.9,"49,791","Animation, Adventure, Comedy",78 ,Film,G,-,Mild,None,None,None,Mild
Dog,2022,No Rate,No Votes,"Animation, Comedy, Family",None,Film,PG-13,-,No Rate,No Rate,No Rate,No Rate,No Rate
The Big Valley,2022,7.6,"2,776",Western,60 ,Series,TV-PG,112,No Rate,No Rate,No Rate,No Rate,No Rate
Bastille Day,2016,6.3,"41,383","Action, Crime, Drama",92 ,Film,R,-,Moderate,Moderate,Moderate,Mild,Moderate
Space: 1999,2016,7.3,"7,865","Adventure, Drama, Sci-Fi",50 ,Series,TV-14,48,None,Moderate,None,None,Moderate
Winchester,2018,5.5,"32,555","Biography, Drama, Horror",99 ,Film,PG-13,-,None,Mild,None,Mild,Moderate
Lovelace,2013,6.2,"39,845","Biography, Drama",93 ,Film,R,-,Moderate,Moderate,Severe,Moderate,Moderate
Harriet,2019,6.6,"23,429","Action, Biography, Drama",125 ,Film,PG-13,-,None,Moderate,Moderate,None,Moderate
High Plains Drifter,1973,7.5,"52,666","Drama, Mystery, Western",105 ,Film,R,-,Moderate,Moderate,Mild,Mild,Moderate
Holy Water,2009,5.9,"2,090","Comedy, Crime",94 ,Film,R,-,Moderate,Mild,Mild,Mild,None
Jeepers Creepers 2,2003,5.6,"62,008",Horror,106 ,Film,R,-,None,Severe,Severe,Mild,Moderate
Starry Eyes,2014,6.0,"19,589","Drama, Fantasy, Horror",98 ,Film,Not Rated,-,Moderate,Severe,Moderate,Mild,Severe
Sisters,2015,6.0,"65,058",Comedy,118 ,Film,R,-,Mild,None,Severe,Severe,None
Ripper Street,2015,8.1,"20,297","Crime, Drama, Mystery",59 ,Series,TV-MA,36,Moderate,Severe,Moderate,Mild,No Rate
The Blob,1958,6.4,"25,022","Horror, Sci-Fi",86 ,Film,Approved,-,None,Mild,None,Mild,Mild
Monsters of Man,2020,5.4,"5,389","Action, Sci-Fi, Thriller",131 ,Film,None,-,No Rate,No Rate,No Rate,No Rate,No Rate
Crashing,2016,7.7,"17,071",Comedy,30 ,Series,TV-MA,6,No Rate,No Rate,No Rate,No Rate,No Rate
Water for Elephants,2011,6.9,"113,950","Drama, Romance",122 ,Film,PG-13,-,Mild,Moderate,Mild,Moderate,Moderate
Ghost Town,2008,6.7,"72,111","Comedy, Drama, Fantasy",102 ,Film,PG-13,-,Mild,Mild,Moderate,Mild,Mild
3096 Tage,2013,6.5,"12,521","Biography, Crime, Drama",111 ,Film,None,-,No Rate,No Rate,No Rate,No Rate,No Rate
Dark Web: Descent Into Hell,2021,2.8,164,Mystery,79 ,Film,None,-,No Rate,No Rate,No Rate,No Rate,No Rate
Little Nicky,2000,5.3,"101,985","Comedy, Fantasy",90 ,Film,PG-13,-,Moderate,Moderate,Moderate,Mild,Mild
To the Bone,2017,6.8,"44,892",Drama,107 ,Film,TV-MA,-,Mild,None,Moderate,Mild,Moderate
Hoo-goong: Je-wang-eui cheob,2012,6.1,"1,865","Drama, History, Romance",122 ,Film,Unrated,-,Severe,Moderate,Mild,Moderate,Moderate
So Weird,2012,8.5,"2,833","Adventure, Family, Mystery",30 ,Series,TV-Y7,65,Mild,Mild,None,Mild,Mild
What a Girl Wants,2003,5.8,"61,643","Comedy, Drama, Family",105 ,Film,PG,-,None,None,None,None,None
Identity Thief,2013,5.7,"129,275","Comedy, Crime, Drama",111 ,Film,R,-,Moderate,Mild,Severe,Mild,Mild
Alpha Dog,2006,6.9,"101,228","Biography, Crime, Drama",122 ,Film,R,-,Moderate,Moderate,Severe,Severe,Moderate
Nine Days,2020,7.6,"1,327","Drama, Fantasy",124 ,Film,R,-,None,Mild,Moderate,Mild,Mild
Terms of Endearment,1983,7.4,"57,914","Comedy, Drama",132 ,Film,PG,-,Mild,Mild,Moderate,Moderate,Mild
King of New York,1990,7.0,"35,391","Crime, Thriller",103 ,Film,R,-,Moderate,Severe,Severe,Severe,Moderate
Bungou Stray Dogs,1990,7.8,"4,237","Animation, Action, Comedy",24 ,Series,TV-14,37,Mild,Moderate,Mild,Mild,Moderate
Bungou Stray Dogs,1990,7.8,"4,237","Animation, Action, Comedy",24 ,Series,TV-14,37,Mild,Moderate,Mild,Mild,Moderate
Red Joan,2018,6.4,"11,325","Biography, Drama, History",101 ,Film,R,-,Mild,None,Mild,Mild,No Rate
Nightmare Alley,1947,7.8,"8,266","Drama, Film-Noir",110 ,Film,Passed,-,None,Mild,Mild,Moderate,Moderate
Kaze no tani no Naushika,1984,8.1,"160,558","Animation, Adventure, Fantasy",117 ,Film,None,-,No Rate,No Rate,No Rate,No Rate,No Rate
Sing Street,2016,7.9,"89,570","Comedy, Drama, Music",106 ,Film,PG-13,-,Mild,Mild,Moderate,Mild,None
Conan the Destroyer,1984,5.9,"78,308","Action, Adventure, Fantasy",103 ,Film,PG,-,Mild,Moderate,Mild,Mild,Mild
Jackie,2016,6.7,"76,168","Biography, Drama",100 ,Film,R,-,None,Moderate,Mild,Mild,Moderate
I Origins,2014,7.4,"120,534","Drama, Mystery, Romance",106 ,Film,R,-,Moderate,Moderate,Moderate,Mild,Moderate
Drive Me Crazy,1999,5.8,"19,062","Comedy, Drama, Romance",91 ,Film,PG-13,-,Mild,None,Mild,Mild,No Rate
From Here to Eternity,1953,7.6,"45,362","Drama, Romance, War",118 ,Film,Passed,-,Mild,Mild,None,Mild,Mild
True Story,2015,6.3,"66,337","Biography, Crime, Drama",99 ,Film,R,-,Mild,Moderate,Mild,None,Moderate
The Last Bus,2021,6.7,348,Drama,86 ,Film,None,-,No Rate,No Rate,No Rate,No Rate,No Rate
Behind Enemy Lines,2001,6.4,"102,212","Action, Drama, Thriller",106 ,Film,PG-13,-,None,Moderate,Moderate,Mild,Moderate
Ordinary People,1980,7.7,"49,662",Drama,124 ,Film,R,-,None,Mild,Moderate,Mild,Moderate
The AristoCats,1970,7.1,"98,673","Animation, Adventure, Comedy",78 ,Film,G,-,None,Mild,None,Mild,None
The Muppets,2011,7.1,"90,052","Adventure, Comedy, Family",120 ,Film,PG,-,None,Mild,None,None,None
Profondo rosso,1975,7.6,"35,618","Horror, Mystery, Thriller",127 ,Film,R,-,Mild,Severe,Mild,Moderate,Severe
Emma,1996,6.7,"37,630","Comedy, Drama, Romance",120 ,Film,PG,-,None,None,None,Mild,None
The Black Dahlia,2006,5.6,"72,931","Crime, Drama, Mystery",121 ,Film,R,-,Moderate,Severe,Severe,Mild,Moderate
Hold the Dark,2018,5.6,"35,380","Action, Drama, Thriller",125 ,Film,TV-MA,-,Moderate,Severe,Moderate,Mild,Moderate
Pee-wee's Big Adventure,1985,7.0,"51,503","Adventure, Comedy, Family",91 ,Film,PG,-,None,Mild,Mild,Mild,Mild
The American President,1995,6.8,"55,343","Comedy, Drama, Romance",114 ,Film,PG-13,-,Mild,None,Moderate,Mild,None
The Secret Garden,1993,7.3,"39,971","Drama, Family, Fantasy",101 ,Film,G,-,None,None,None,None,Mild
A Journal for Jordan,2021,No Rate,No Votes,Drama,None,Film,None,-,No Rate,No Rate,No Rate,No Rate,No Rate
Girls5eva,2021,7.1,"2,097","Comedy, Music",30 ,Series,TV-MA,9,Mild,None,Moderate,Mild,None
The Last Thing He Wanted,2020,4.3,"14,067","Crime, Drama, Thriller",115 ,Film,R,-,Mild,Moderate,Moderate,Mild,Mild
Forhøret,2020,6.9,"1,569","Crime, Drama, Mystery",30 ,Series,TV-MA,16,Mild,Moderate,Moderate,Mild,Moderate
Cyborg,1989,5.1,"30,513","Action, Sci-Fi, Thriller",86 ,Film,R,-,Mild,Severe,Mild,None,Severe
Shirley,2020,6.1,"10,409","Biography, Drama, Mystery",107 ,Film,R,-,Moderate,Mild,Mild,Mild,Moderate
Primer,2004,6.9,"102,926","Drama, Sci-Fi, Thriller",77 ,Film,PG-13,-,None,Mild,Mild,Mild,Mild
Poison Ivy,1992,5.4,"17,960","Drama, Thriller",93 ,Film,R,-,Mild,Moderate,Moderate,Moderate,Moderate
Boys from County Hell,2020,5.9,"2,770","Comedy, Horror",88 ,Film,None,-,No Rate,No Rate,No Rate,No Rate,No Rate
Blue Jasmine,2013,7.3,"197,326","Comedy, Drama",98 ,Film,PG-13,-,Mild,Mild,Moderate,Moderate,Moderate
Something Wicked This Way Comes,1983,6.8,"8,915","Fantasy, Mystery, Thriller",95 ,Film,PG,-,Mild,Moderate,Mild,Mild,Moderate
Julie & Julia,2009,7.0,"113,843","Biography, Drama, Romance",123 ,Film,PG-13,-,Mild,None,Mild,Mild,None
Mil gritos tiene la noche,1982,6.1,"9,902","Horror, Mystery, Thriller",85 ,Film,Not Rated,-,Severe,Severe,Moderate,Mild,Severe
Johnny English Reborn,2011,6.3,"125,443","Action, Adventure, Comedy",101 ,Film,PG,-,Mild,Moderate,Mild,Mild,Mild
Bright Star,2009,6.9,"25,997","Biography, Drama, Romance",119 ,Film,PG,-,Mild,Mild,Mild,Mild,Mild
Blow Out,1981,7.4,"49,082","Crime, Drama, Mystery",108 ,Film,R,-,Moderate,Moderate,Mild,Mild,Moderate
Spaced,1981,8.5,"52,553","Action, Comedy",25 ,Series,TV-14,14,Mild,Mild,Moderate,Moderate,Mild
Morgan,2016,5.8,"41,457","Action, Horror, Sci-Fi",92 ,Film,R,-,None,Moderate,Moderate,Mild,Moderate
On the Waterfront,1954,8.1,"148,903","Crime, Drama, Thriller",108 ,Film,Approved,-,None,Moderate,None,Mild,Moderate
Æon Flux,2005,5.5,"126,357","Action, Adventure, Sci-Fi",93 ,Film,PG-13,-,Mild,Mild,None,None,Mild
Soulmates,2005,6.1,"2,607","Drama, Romance, Sci-Fi",269 ,Series,TV-14,8,No Rate,No Rate,No Rate,No Rate,No Rate
Private School,1983,5.3,"6,261","Comedy, Romance",89 ,Film,R,-,Severe,None,Mild,Mild,None
Bubble Boy,2001,5.6,"32,535","Adventure, Comedy, Romance",84 ,Film,PG-13,-,Mild,Mild,Mild,Mild,None
Comedians in Cars Getting Coffee,2001,8.1,"11,707","Animation, Comedy, Family",20 ,Series,TV-14,85,None,None,Mild,None,None
Togo,2019,8.0,"43,427","Adventure, Biography, Drama",113 ,Film,PG,-,None,None,None,None,Mild
Jamón Jamón,1992,6.4,"12,979","Comedy, Drama, Romance",95 ,Film,R,-,Severe,Moderate,Moderate,Mild,Moderate
The Hummingbird Project,2018,6.2,"13,416","Drama, Thriller",111 ,Film,R,-,None,None,Moderate,Mild,Mild
Spy Game,2001,7.1,"152,287","Action, Crime, Thriller",126 ,Film,R,-,None,Mild,Moderate,None,Mild
P-Valley,2001,7.1,"2,893","Crime, Drama",60 ,Series,TV-MA,18,Severe,Mild,Moderate,Moderate,Mild
The Commuter,2018,6.3,"110,108","Action, Mystery, Thriller",104 ,Film,PG-13,-,None,Moderate,Moderate,Mild,Moderate
Backdraft,1991,6.7,"76,341","Action, Crime, Drama",137 ,Film,R,-,Moderate,Moderate,Moderate,Mild,Severe
The 15:17 to Paris,2018,5.3,"31,275","Biography, Drama, Thriller",94 ,Film,PG-13,-,Mild,Moderate,Mild,Mild,Moderate
A Wrinkle in Time,2018,4.2,"43,249","Adventure, Family, Fantasy",109 ,Film,PG,-,None,Mild,None,None,Mild
The Cider House Rules,1999,7.4,"96,055","Drama, Romance",126 ,Film,PG-13,-,Moderate,Moderate,Mild,Moderate,Moderate
Rutherford Falls,1999,6.5,"1,513",Comedy,30 ,Series,TV-14,11,No Rate,No Rate,No Rate,No Rate,No Rate
Up Periscope,1959,6.5,"1,802","Action, Drama, Romance",112 ,Film,Approved,-,None,None,None,Mild,None
The Last Vermeer,2019,6.7,"2,449",Drama,118 ,Film,R,-,Mild,Moderate,Moderate,Mild,Moderate
Warrior Queen,1987,3.3,780,Drama,79 ,Film,R,-,Moderate,Moderate,None,Mild,Mild
WarGames,1983,7.1,"95,161","Action, Adventure, Drama",114 ,Film,PG,-,None,None,Mild,Mild,Mild
"Endings, Beginnings",2019,5.7,"5,042",Drama,110 ,Film,Unrated,-,Moderate,None,Moderate,Moderate,None
Chopper,2000,7.2,"37,345","Biography, Crime, Drama",94 ,Film,R,-,Mild,Severe,Severe,Moderate,Moderate
Jeepers Creepers 2,2003,5.6,"62,008",Horror,106 ,Film,R,-,None,Severe,Severe,Mild,Moderate
Anger Management,2003,6.2,"209,252",Comedy,106 ,Film,PG-13,-,Moderate,Mild,Moderate,Mild,None
Strange Bargain,1949,6.8,433,"Crime, Drama, Film-Noir",68 ,Film,None,-,No Rate,No Rate,No Rate,No Rate,No Rate
Max Payne,2008,5.3,"124,325","Action, Crime, Drama",100 ,Film,PG-13,-,Mild,Severe,Moderate,Mild,Mild
Friday Night Dinner,2008,8.1,"16,488",Comedy,24 ,Series,TV-14,37,Mild,None,Moderate,Mild,None
John Q,2002,7.1,"128,820","Crime, Drama, Thriller",116 ,Film,PG-13,-,None,Mild,Moderate,Mild,Moderate
Trilogy of Terror,1975,6.6,"6,889","Horror, Thriller",72 ,Film,Unrated,-,Mild,Moderate,Mild,Moderate,Severe
Knight of Cups,2015,5.7,"26,257","Drama, Romance",118 ,Film,R,-,Moderate,Mild,Moderate,Moderate,Mild
After Earth,2013,4.8,"196,545","Action, Adventure, Sci-Fi",100 ,Film,PG-13,-,None,Moderate,None,None,Moderate
The Badlanders,1958,6.5,"1,386","Romance, Western",85 ,Film,Approved,-,None,Mild,None,Mild,Mild
The Last O.G.,1958,6.9,"3,163",Comedy,30 ,Series,TV-MA,40,No Rate,No Rate,No Rate,No Rate,No Rate
Mimic,1997,6.0,"48,439","Horror, Sci-Fi",105 ,Film,R,-,None,Moderate,Moderate,Mild,Moderate
The Grinch,2018,6.3,"59,990","Animation, Adventure, Comedy",85 ,Film,PG,-,None,None,None,None,None
Far from the Madding Crowd,2015,7.1,"47,569","Drama, Romance",119 ,Film,PG-13,-,Mild,Mild,None,Mild,Mild
The AristoCats,1970,7.1,"98,673","Animation, Adventure, Comedy",78 ,Film,G,-,None,Mild,None,Mild,None
Dark Star,1974,6.3,"23,551","Comedy, Sci-Fi",83 ,Film,G,-,None,Mild,Mild,Mild,Mild
The Laundromat,2019,6.3,"47,733","Comedy, Crime, Drama",96 ,Film,R,-,Moderate,Mild,Mild,Mild,Mild
Cinderella,1950,7.3,"152,047","Animation, Family, Fantasy",74 ,Film,G,-,None,Mild,None,None,Mild
Burden of Truth,1950,7.3,"3,726",Drama,44 ,Series,TV-PG,34,Mild,No Rate,No Rate,No Rate,No Rate
Rurôni Kenshin: Meiji kenkaku roman tan,2012,7.5,"24,360","Action, Adventure, Drama",134 ,Film,TV-MA,-,None,Moderate,None,Mild,Moderate
Last Tango in Halifax,2012,8.3,"6,259","Comedy, Drama, Romance",60 ,Series,TV-14,24,None,No Rate,No Rate,No Rate,None
Dancer in the Dark,2000,8.0,"106,170","Crime, Drama, Musical",140 ,Film,R,-,None,Moderate,None,Mild,Severe
Payback,1999,7.1,"135,215","Action, Crime, Drama",100 ,Film,R,-,Moderate,Severe,Severe,Moderate,Moderate
Broken Arrow,1996,6.1,"94,865","Action, Adventure, Thriller",108 ,Film,R,-,None,Severe,Moderate,Mild,Moderate
The Widow,2019,6.9,"9,260","Action, Drama, Mystery",60 ,Series,TV-MA,8,Mild,Moderate,Moderate,Mild,No Rate
The SpongeBob Movie: Sponge on the Run,2020,6.0,"15,469","Animation, Adventure, Comedy",91 ,Film,PG,-,None,Mild,None,None,None
On the Basis of Sex,2018,7.1,"32,093","Biography, Drama",120 ,Film,PG-13,-,None,None,Mild,Mild,None
Z,1969,8.3,"25,752","Crime, Drama, History",127 ,Film,M,-,Mild,Moderate,Mild,Mild,Mild
Every Which Way but Loose,1978,6.3,"26,081","Action, Comedy",114 ,Film,PG,-,Moderate,Mild,Moderate,Moderate,Mild
Conan the Destroyer,1984,5.9,"78,308","Action, Adventure, Fantasy",103 ,Film,PG,-,Mild,Moderate,Mild,Mild,Mild
Rugrats,1984,7.4,"33,591","Animation, Adventure, Comedy",30 ,Series,TV-Y,178,Mild,None,None,None,Mild
To the Lake,2019,7.3,"11,280","Drama, Sci-Fi, Thriller",None,Series,TV-MA,9,Moderate,Severe,Moderate,Moderate,Moderate
Universal Soldier,1992,6.0,"86,097","Action, Sci-Fi",102 ,Film,R,-,Mild,Severe,Severe,Mild,Moderate
Sanctuary,1992,7.3,"20,083","Action, Drama, Fantasy",44 ,Series,TV-14,59,Mild,No Rate,Mild,No Rate,Moderate
The Commitments,1991,7.6,"34,240","Comedy, Drama, Music",118 ,Film,R,-,None,Mild,Moderate,Mild,None
Good Grief,1991,7.2,80,Comedy,None,Series,None,7,No Rate,No Rate,No Rate,No Rate,No Rate
The Fog,2005,3.7,"36,203","Horror, Mystery",100 ,Film,PG-13,-,Mild,Mild,Mild,Mild,Mild
Ladyhawke,1985,7.0,"45,460","Adventure, Comedy, Drama",121 ,Film,PG-13,-,Mild,Mild,Mild,Mild,Mild
Peter Pan & Wendy,2022,No Rate,No Votes,"Action, Adventure, Comedy",None,Film,None,-,No Rate,No Rate,No Rate,No Rate,No Rate
Love Advent,2022,4.1,145,Action,2 ,Series,None,110,No Rate,No Rate,No Rate,No Rate,No Rate
Masters of Horror,2022,7.5,"11,875",Horror,60 ,Series,TV-MA,26,Severe,Severe,No Rate,No Rate,No Rate
The Mighty Boosh,2022,8.3,"21,386","Comedy, Fantasy, Musical",30 ,Series,TV-PG,21,Moderate,Mild,Moderate,Moderate,Mild
Sabrina,1995,6.3,"38,872","Comedy, Drama, Romance",127 ,Film,PG,-,None,None,Mild,Mild,None
How It Ends,2021,5.1,"1,452",Comedy,82 ,Film,R,-,None,None,Moderate,Mild,None
Thank You for Smoking,2005,7.6,"216,769","Comedy, Drama",92 ,Film,R,-,Moderate,Mild,Moderate,Moderate,Mild
The Beverly Hillbillies,1993,5.0,"18,032","Comedy, Family",92 ,Film,PG,-,Mild,Mild,Mild,Mild,Mild
Errante corazón,2021,7.5,72,Drama,112 ,Film,None,-,No Rate,No Rate,No Rate,No Rate,No Rate
Charlie Wilson's War,2007,7.0,"114,736","Biography, Comedy, Drama",102 ,Film,R,-,Moderate,Moderate,Severe,Moderate,Mild
The Parent Trap,1961,7.2,"20,388","Comedy, Family, Romance",129 ,Film,Passed,-,None,None,None,None,None
Grave Encounters,2011,6.1,"55,445","Horror, Mystery",92 ,Film,Not Rated,-,Mild,Severe,Severe,Mild,Severe
Konda Polam,2021,6.0,205,"Action, Adventure, Drama",142 ,Film,None,-,No Rate,No Rate,No Rate,No Rate,No Rate
The Angry Birds Movie 2,2019,6.4,"25,624","Animation, Action, Adventure",97 ,Film,PG,-,None,Mild,Mild,None,Mild
Strange Days,1995,7.2,"69,623","Action, Crime, Drama",145 ,Film,R,-,Severe,Severe,Severe,Moderate,Severe
It's Complicated,2009,6.5,"89,447","Comedy, Drama, Romance",121 ,Film,R,-,Mild,None,Mild,Moderate,None
The Bucket List,2007,7.4,"238,140","Adventure, Comedy, Drama",97 ,Film,PG-13,-,Mild,None,Moderate,Mild,Mild
Shirley,2020,6.1,"10,409","Biography, Drama, Mystery",107 ,Film,R,-,Moderate,Mild,Mild,Mild,Moderate
Killjoys,2020,7.2,"21,218","Action, Adventure, Sci-Fi",42 ,Series,TV-MA,50,Moderate,Moderate,Mild,Mild,Mild
I Origins,2014,7.4,"120,534","Drama, Mystery, Romance",106 ,Film,R,-,Moderate,Moderate,Moderate,Mild,Moderate
To the Bone,2017,6.8,"44,892",Drama,107 ,Film,TV-MA,-,Mild,None,Moderate,Mild,Moderate
The Fourth Kind,2009,5.9,"76,115","Horror, Mystery, Sci-Fi",98 ,Film,PG-13,-,None,Mild,Mild,None,Moderate
Vinyl,2016,7.8,"22,662","Drama, Music",60 ,Series,TV-MA,10,Moderate,Moderate,Severe,Severe,Mild
"Synecdoche, New York",2008,7.6,"87,559",Drama,124 ,Film,R,-,Moderate,Mild,Moderate,Mild,Severe
Sam & Cat,2008,5.7,"8,455","Comedy, Drama, Family",30 ,Series,TV-G,35,None,Mild,Mild,None,Mild
The Wild Wild West,2008,8.1,"4,814","Action, Adventure, Sci-Fi",50 ,Series,TV-PG,104,No Rate,Mild,No Rate,No Rate,No Rate
My Dear Miss Aldrich,1937,6.2,288,"Comedy, Drama",74 ,Film,Passed,-,No Rate,No Rate,No Rate,No Rate,No Rate
Sisyphus,2017,6.2,71,Fantasy,None,Series,None,16,No Rate,No Rate,No Rate,No Rate,No Rate
Stir of Echoes,1999,7.0,"78,931","Horror, Mystery, Thriller",99 ,Film,R,-,Moderate,Moderate,Moderate,Mild,Moderate
Lethal Weapon 2,1989,7.2,"168,523","Action, Crime, Thriller",114 ,Film,R,-,Moderate,Moderate,Moderate,Mild,Moderate
The Personal History of David Copperfield,2019,6.4,"17,770","Comedy, Drama",119 ,Film,PG,-,None,Mild,None,Mild,Mild
The Cable Guy,1996,6.1,"159,265","Comedy, Drama, Thriller",96 ,Film,PG-13,-,Mild,Mild,Mild,Mild,Moderate
Polaroid,2019,5.2,"12,840","Drama, Horror, Mystery",88 ,Film,PG-13,-,None,Moderate,Mild,Mild,Moderate
Alexa & Katie,2019,7.5,"3,952","Comedy, Drama",25 ,Series,TV-Y7,40,None,None,None,None,None
Third Watch,2019,7.9,"9,457","Action, Crime, Drama",44 ,Series,TV-14,132,No Rate,Moderate,No Rate,No Rate,No Rate
Ali,2001,6.8,"96,412","Biography, Drama, Sport",157 ,Film,R,-,Mild,Moderate,Moderate,Mild,Moderate
Night of the Comet,1984,6.4,"19,840","Comedy, Horror, Sci-Fi",95 ,Film,PG-13,-,None,Moderate,Moderate,Mild,Mild
Nosferatu: Phantom der Nacht,1979,7.5,"34,446","Drama, Horror",107 ,Film,PG,-,Mild,Mild,None,None,Moderate
Yoga Hosers,2016,4.3,"13,280","Action, Comedy, Fantasy",88 ,Film,PG-13,-,Mild,Mild,Mild,Mild,No Rate
G.I. Jane,1997,6.0,"77,700","Action, Drama, War",125 ,Film,R,-,Mild,Moderate,Moderate,Mild,Mild
Creeped Out,1997,6.6,"1,655","Drama, Family, Fantasy",30 ,Series,TV-Y7,23,Mild,Moderate,Mild,None,Severe
Powder,1995,6.6,"29,633","Drama, Fantasy, Mystery",111 ,Film,PG-13,-,Mild,Mild,Mild,None,Moderate
Aseudal Yeondaegi,1995,8.4,"3,583","Action, Drama, Fantasy",80 ,Series,None,18,No Rate,No Rate,No Rate,No Rate,No Rate
RV,2006,5.5,"58,262","Adventure, Comedy, Family",99 ,Film,PG,-,Mild,Mild,Mild,Mild,None
Robin Hood,1973,7.6,"120,938","Animation, Adventure, Comedy",83 ,Film,G,-,None,Mild,None,Mild,Mild
The Pretender,1973,7.5,"15,400","Drama, Mystery, Sci-Fi",60 ,Series,TV-14,86,No Rate,No Rate,No Rate,No Rate,No Rate
Secret Diary of a Call Girl,1973,7.4,"13,200",Drama,30 ,Series,TV-MA,32,Severe,None,Severe,Moderate,Moderate
The Blob,1958,6.4,"25,022","Horror, Sci-Fi",86 ,Film,Approved,-,None,Mild,None,Mild,Mild
The Kings of Summer,2013,7.1,"79,827","Adventure, Comedy, Drama",95 ,Film,R,-,Mild,Mild,Moderate,Moderate,Mild
El espinazo del diablo,2001,7.4,"63,862","Drama, Horror",106 ,Film,R,-,Mild,Moderate,Moderate,Mild,Moderate
De uskyldige,2021,7.4,351,"Drama, Horror, Thriller",117 ,Film,None,-,No Rate,No Rate,No Rate,No Rate,No Rate
Battlefield Earth,2000,2.5,"78,909","Action, Adventure, Sci-Fi",118 ,Film,PG-13,-,Mild,Moderate,Mild,Moderate,Severe
The Choice,2016,6.6,"38,055","Drama, Romance",111 ,Film,PG-13,-,Mild,Mild,Mild,Mild,Mild
Triple 9,2016,6.3,"70,091","Action, Crime, Thriller",115 ,Film,R,-,Moderate,Severe,Severe,Severe,Moderate
The Loft,2014,6.3,"54,291","Mystery, Romance, Thriller",108 ,Film,R,-,Moderate,Moderate,Moderate,Moderate,Moderate
White Lines,2020,6.6,"15,831","Crime, Drama, Mystery",60 ,Series,TV-MA,10,Severe,Moderate,Severe,Severe,Mild
Don't Look Under the Bed,1999,6.8,"3,010","Family, Fantasy, Horror",100 ,Film,TV-PG,-,Mild,Mild,None,None,Moderate
Whip It,2009,6.9,"65,845","Drama, Sport",111 ,Film,PG-13,-,Mild,Mild,Moderate,Moderate,Mild
Martha Marcy May Marlene,2011,6.9,"51,086","Drama, Mystery, Thriller",102 ,Film,R,-,Severe,Moderate,Severe,Mild,Moderate
A Dangerous Method,2011,6.4,"101,199","Biography, Drama, Romance",99 ,Film,R,-,Severe,Mild,Mild,Mild,Mild
Hagane no renkinjutsushi,2011,8.5,"66,138","Animation, Action, Adventure",24 ,Series,TV-PG,51,Mild,Severe,Mild,Mild,Severe
The Lucky One,2012,6.5,"104,728","Drama, Mystery, Romance",101 ,Film,PG-13,-,Moderate,Mild,Mild,Mild,Mild
Code Black,2012,8.1,"11,266",Drama,42 ,Series,TV-14,47,Mild,Moderate,Mild,Moderate,Severe
"Quo vadis, Aida?",2020,7.9,"26,097","Drama, History, War",101 ,Film,Approved,-,None,Moderate,Mild,Mild,Moderate
Dreamgirls,2006,6.5,"71,858","Drama, Music, Musical",130 ,Film,PG-13,-,None,Mild,Moderate,Moderate,None
I Feel Pretty,2018,5.6,"51,927","Comedy, Romance",110 ,Film,PG-13,-,Moderate,None,Mild,Mild,None
Judge Dredd,1995,5.6,"114,449","Action, Crime, Sci-Fi",96 ,Film,R,-,None,Severe,Mild,Mild,Moderate
V,1995,7.4,"11,337","Action, Adventure, Sci-Fi",60 ,Series,TV-PG,19,Mild,No Rate,No Rate,No Rate,No Rate
Three,2005,4.9,"9,520","Drama, Romance, Thriller",95 ,Film,TV-MA,-,Moderate,Moderate,Moderate,Mild,Moderate
Hart to Hart,2005,6.6,"7,043","Action, Adventure, Crime",60 ,Series,TV-PG,111,No Rate,No Rate,No Rate,No Rate,No Rate
Alter Ego,2005,3.3,163,Reality-TV,None,Series,TV-PG,4,No Rate,No Rate,No Rate,No Rate,No Rate
Above Suspicion,2019,5.6,"4,689","Action, Biography, Crime",104 ,Film,R,-,Mild,Severe,Moderate,Severe,Moderate
Non-Stop,2014,6.9,"257,493","Action, Mystery, Thriller",106 ,Film,PG-13,-,None,Moderate,Moderate,Mild,Moderate
Morgan,2016,5.8,"41,457","Action, Horror, Sci-Fi",92 ,Film,R,-,None,Moderate,Moderate,Mild,Moderate
It's a Mad Mad Mad Mad World,1963,7.5,"39,857","Action, Adventure, Comedy",210 ,Film,G,-,None,Mild,None,Mild,None
Llamageddon,2015,4.0,829,"Comedy, Sci-Fi",69 ,Film,None,-,No Rate,No Rate,No Rate,No Rate,No Rate
The School for Good and Evil,2022,No Rate,No Votes,"Action, Drama, Fantasy",None,Film,None,-,No Rate,No Rate,No Rate,No Rate,No Rate
Arctic,2018,6.8,"47,604","Adventure, Drama",98 ,Film,PG-13,-,None,Mild,Mild,None,Moderate
Holy Motors,2012,7.1,"44,229","Drama, Fantasy",115 ,Film,Not Rated,-,Moderate,Moderate,Mild,Moderate,Moderate
Emerald City,2012,7.2,"12,236","Adventure, Drama, Fantasy",60 ,Series,TV-14,10,Severe,Severe,Severe,Severe,Severe
Turning Red,2022,No Rate,No Votes,"Animation, Adventure, Comedy",None,Film,None,-,No Rate,No Rate,No Rate,No Rate,No Rate
Moosa Jatt,2021,7.7,"1,073",Action,120 ,Film,None,-,No Rate,No Rate,No Rate,No Rate,No Rate
Bakjwi,2009,7.1,"44,827","Drama, Fantasy, Horror",134 ,Film,R,-,Severe,Severe,Moderate,Mild,Severe
Back to the Outback,2021,No Rate,No Votes,"Animation, Adventure, Comedy",92 ,Film,PG,-,No Rate,No Rate,No Rate,No Rate,No Rate
Adoration,2013,6.2,"33,513","Drama, Romance",112 ,Film,R,-,Moderate,Mild,Mild,Moderate,None
Hotel Rwanda,2004,8.1,"344,232","Biography, Drama, History",121 ,Film,PG-13,-,Mild,Severe,Moderate,Mild,Severe
"Good Morning, Vietnam",1987,7.3,"133,415","Biography, Comedy, Drama",121 ,Film,R,-,Mild,Moderate,Moderate,Mild,Mild
Vanderpump Rules,1987,5.5,"2,404",Reality-TV,43 ,Series,TV-14,177,No Rate,No Rate,No Rate,No Rate,No Rate
Transylvania 6-5000,1985,5.0,"7,264","Comedy, Fantasy, Horror",93 ,Film,PG,-,Mild,None,Mild,Mild,None
Push,2009,6.1,"108,416","Action, Sci-Fi, Thriller",111 ,Film,PG-13,-,None,Moderate,Moderate,Moderate,Moderate
Law & Order: UK,2009,7.6,"4,094","Crime, Drama, Mystery",46 ,Series,TV-14,53,Mild,Moderate,Moderate,Mild,No Rate
Selena,1997,6.8,"27,519","Biography, Drama, Music",127 ,Film,PG,-,Mild,Mild,Mild,Mild,Mild
Grease 2,1982,4.4,"34,394","Comedy, Drama, Musical",115 ,Film,PG,-,Mild,None,Mild,Mild,Mild
The Jewel of the Nile,1985,6.1,"54,009","Action, Adventure, Comedy",106 ,Film,PG,-,Moderate,Mild,Mild,Mild,Mild
Coupling,1985,8.5,"44,162","Comedy, Romance",30 ,Series,TV-14,28,Mild,None,Moderate,Mild,None
Bungou Stray Dogs,1985,7.8,"4,237","Animation, Action, Comedy",24 ,Series,TV-14,37,Mild,Moderate,Mild,Mild,Moderate
Straw Dogs,1971,7.5,"58,433","Crime, Drama, Thriller",113 ,Film,R,-,Severe,Severe,Mild,Moderate,Severe
Kimbiseoga wae geureolkka,2018,8.1,"8,582","Comedy, Mystery, Romance",60 ,Series,TV-G,16,Mild,None,No Rate,Mild,None
The Third Man,1949,8.1,"165,570","Film-Noir, Mystery, Thriller",104 ,Film,Approved,-,None,Mild,None,Mild,Mild
"Sex, Love & Goop",1949,No Rate,No Votes,"Comedy, Romance, Talk-Show",None,Series,None,1,No Rate,No Rate,No Rate,No Rate,No Rate
Bridget Jones's Baby,2016,6.5,"72,335","Comedy, Drama, Romance",123 ,Film,R,-,Moderate,None,Severe,Moderate,None
The Spectacular Now,2013,7.1,"148,609","Comedy, Drama, Romance",95 ,Film,R,-,Moderate,Mild,Severe,Moderate,Mild
Pink Flamingos,1972,6.1,"23,567","Comedy, Crime",93 ,Film,NC-17,-,Severe,Severe,Severe,Moderate,Severe
The Bureau of Magical Things,1972,6.8,"1,608","Family, Fantasy, Mystery",25 ,Series,TV-G,40,None,None,None,None,None
What Happens in Vegas,2008,6.1,"169,462","Comedy, Romance",99 ,Film,PG-13,-,Moderate,Mild,Mild,Moderate,None
The Postcard Killings,2020,5.8,"8,790","Crime, Drama, Thriller",104 ,Film,Not Rated,-,Mild,Moderate,Moderate,Mild,Moderate
Come True,2020,5.9,"6,462","Horror, Sci-Fi",105 ,Film,Unrated,-,Moderate,Mild,Mild,None,Moderate
LOL: Last One Laughing Germany,2020,7.8,"2,063","Comedy, Reality-TV",None,Series,None,12,No Rate,No Rate,No Rate,No Rate,No Rate
Terms of Endearment,1983,7.4,"57,914","Comedy, Drama",132 ,Film,PG,-,Mild,Mild,Moderate,Moderate,Mild
Trick or Treat,1986,5.9,"6,435","Comedy, Horror, Music",98 ,Film,R,-,Moderate,Moderate,Moderate,None,Mild
The Lair of the White Worm,1988,5.9,"12,054","Comedy, Horror",93 ,Film,R,-,Moderate,Moderate,Moderate,Mild,Moderate
Night Moves,1975,7.1,"13,806","Crime, Drama, Mystery",100 ,Film,R,-,Moderate,Moderate,Moderate,Mild,Moderate
A Single Man,2009,7.5,"109,529","Drama, Romance",99 ,Film,R,-,Mild,Mild,Mild,Mild,Mild
Big City Greens,2009,7.1,"1,567","Animation, Adventure, Comedy",22 ,Series,TV-Y7,61,None,Mild,None,None,Mild
Dog Soldiers,2002,6.8,"57,828","Action, Horror, Thriller",105 ,Film,R,-,None,Severe,Severe,Mild,Moderate
Queen Bees,2021,6.0,887,"Comedy, Drama, Romance",100 ,Film,PG-13,-,None,None,Mild,Moderate,None
Gladiator 2,2021,No Rate,No Votes,"Action, Adventure, Drama",None,Film,None,-,No Rate,No Rate,No Rate,No Rate,No Rate
Charlotte's Web,2006,6.3,"39,711","Adventure, Comedy, Family",97 ,Film,G,-,None,Mild,None,None,Mild
Being There,1979,8.0,"70,009","Comedy, Drama",130 ,Film,PG,-,Moderate,None,Mild,Mild,None
High Noon,1952,8.0,"101,009","Drama, Thriller, Western",85 ,Film,PG,-,None,Mild,None,Mild,Mild
Rumble,2022,No Rate,No Votes,"Animation, Comedy, Family",None,Film,PG,-,No Rate,No Rate,No Rate,No Rate,No Rate
Pompeii,2014,5.5,"108,932","Action, Adventure, Drama",105 ,Film,PG-13,-,Mild,Moderate,Mild,Mild,Moderate
Jack Whitehall: Travels with My Father,2014,7.6,"4,867","Documentary, Comedy",30 ,Series,TV-MA,18,Mild,None,Severe,Mild,None
22 July,2018,6.8,"31,745","Crime, Drama, History",143 ,Film,R,-,None,Severe,Moderate,None,Severe
America: The Motion Picture,2021,5.6,"5,365","Animation, Action, Adventure",98 ,Film,TV-MA,-,Moderate,Severe,Severe,Mild,Mild
The American,2010,6.3,"94,755","Action, Crime, Drama",105 ,Film,R,-,Moderate,Moderate,Mild,Mild,Mild
The Young Ones,2010,8.2,"14,246",Comedy,410 ,Series,TV-14,12,Mild,Moderate,Mild,Moderate,Mild
Truth Seekers,2020,7.1,"11,513","Comedy, Drama, Fantasy",223 ,Series,TV-14,9,Mild,Moderate,Moderate,Mild,Moderate
A Bridge Too Far,1977,7.4,"54,647","Drama, History, War",175 ,Film,PG,-,None,Moderate,Moderate,Mild,Moderate
On the Waterfront,1954,8.1,"148,903","Crime, Drama, Thriller",108 ,Film,Approved,-,None,Moderate,None,Mild,Moderate
Hercules: The Legendary Journeys,1954,6.5,"28,825","Action, Adventure, Drama",44 ,Series,TV-G,111,Mild,Moderate,Mild,Mild,Moderate
Man of God,2021,7.2,"1,461","Biography, Drama",109 ,Film,None,-,No Rate,No Rate,No Rate,No Rate,No Rate
A Perfect World,1993,7.5,"77,453","Crime, Drama, Thriller",138 ,Film,PG-13,-,Mild,Moderate,Moderate,Mild,Moderate
Girls5eva,1993,7.1,"2,097","Comedy, Music",30 ,Series,TV-MA,9,Mild,None,Moderate,Mild,None
Alpha,2018,6.7,"59,238","Action, Adventure, Drama",96 ,Film,PG-13,-,None,Mild,None,None,Moderate
Black Water: Abyss,2020,4.5,"5,190","Action, Drama, Horror",98 ,Film,Not Rated,-,None,Moderate,Moderate,Mild,Moderate
DragonHeart,1996,6.5,"95,021","Action, Adventure, Fantasy",103 ,Film,PG-13,-,None,Moderate,Mild,Mild,Mild
The Secret Life of Pets 2,2019,6.5,"56,847","Animation, Adventure, Comedy",86 ,Film,PG,-,None,Mild,Mild,None,Mild
Dial M for Murder,1954,8.2,"167,287","Crime, Thriller",105 ,Film,PG,-,None,Mild,None,Mild,Moderate
Monamour,2005,5.3,"4,921",Drama,104 ,Film,None,-,No Rate,No Rate,No Rate,No Rate,No Rate
Nothing But Trouble,1991,5.1,"23,688",Comedy,94 ,Film,PG-13,-,Mild,Mild,Mild,Mild,Moderate
Being the Ricardos,1991,No Rate,No Votes,"Biography, Drama",None,Film,None,-,No Rate,No Rate,No Rate,No Rate,No Rate
The Killing of Two Lovers,2020,7.0,"2,646",Drama,85 ,Film,R,-,None,Mild,Mild,None,None
National Velvet,1944,7.3,"6,836","Drama, Family, Sport",123 ,Film,Passed,-,None,None,None,Mild,Mild
Letters from Iwo Jima,2006,7.9,"158,418","Action, Adventure, Drama",141 ,Film,R,-,None,Severe,Mild,Mild,Moderate
Swamp Thing,1982,5.4,"13,840","Horror, Sci-Fi",91 ,Film,PG,-,Mild,Mild,Mild,Mild,Mild
Be Cool,2005,5.6,"68,596","Comedy, Crime, Music",118 ,Film,PG-13,-,Mild,Moderate,Moderate,Moderate,Mild
The Family,2013,6.3,"113,996","Comedy, Crime, Thriller",111 ,Film,R,-,Mild,Severe,Moderate,Moderate,Moderate
My Week with Marilyn,2011,6.9,"85,326","Biography, Drama",99 ,Film,R,-,Mild,None,Moderate,Moderate,Mild
Das Boot,2011,7.4,"6,912","Drama, War",60 ,Series,TV-MA,26,Moderate,Severe,Moderate,Moderate,Moderate
Berlin Station,2011,7.6,"8,223","Drama, Thriller",60 ,Series,TV-MA,29,Moderate,No Rate,Moderate,No Rate,No Rate
Side Hustle,2011,5.7,395,Comedy,22 ,Series,TV-G,33,None,No Rate,No Rate,No Rate,No Rate
Sand Dollar Cove,2021,6.3,685,"Drama, Romance",84 ,Film,TV-G,-,None,None,None,None,None
The Houses October Built,2014,5.2,"9,102","Horror, Thriller",91 ,Film,Not Rated,-,Moderate,Mild,Moderate,Mild,Severe
Alpha Dog,2006,6.9,"101,228","Biography, Crime, Drama",122 ,Film,R,-,Moderate,Moderate,Severe,Severe,Moderate
Top Secret!,1984,7.2,"63,767","Comedy, Crime, Music",90 ,Film,PG,-,Moderate,Mild,Mild,Mild,None
Ek Thi Begum,2020,8.9,"6,038","Crime, Drama",27 ,Series,None,26,No Rate,No Rate,No Rate,No Rate,No Rate
La Reina del Sur,2020,8.0,"2,328","Action, Crime, Drama",378 ,Series,TV-14,124,No Rate,No Rate,No Rate,No Rate,No Rate
Just the Ten of Us,2020,7.0,"1,627","Comedy, Family",30 ,Series,TV-G,48,No Rate,No Rate,No Rate,No Rate,No Rate
The Titan,2018,4.8,"29,901","Drama, Mystery, Romance",97 ,Film,TV-MA,-,Mild,Severe,Moderate,Mild,Moderate
The Golden Child,1986,6.0,"54,371","Action, Adventure, Comedy",94 ,Film,PG-13,-,Mild,Moderate,Mild,Mild,Mild
Just One of the Guys,1985,6.5,"15,108","Comedy, Romance",100 ,Film,PG-13,-,Moderate,None,Mild,Mild,None
Oliver!,1968,7.4,"36,689","Drama, Family, Musical",153 ,Film,G,-,None,Moderate,None,Mild,Mild
The Butler,2013,7.2,"112,018","Biography, Drama",132 ,Film,PG-13,-,Mild,Moderate,Moderate,Mild,Moderate
Black Christmas,2006,4.6,"26,200",Horror,95 ,Film,R,-,Moderate,Severe,Severe,Moderate,Severe
Pan Am,2006,7.0,"19,496","Drama, History, Romance",42 ,Series,TV-PG,14,None,Mild,No Rate,No Rate,No Rate
Star Trek V: The Final Frontier,1989,5.5,"58,134","Action, Adventure, Fantasy",107 ,Film,PG,-,Mild,Mild,Mild,Mild,Mild
Anatomie,2000,6.0,"12,482","Horror, Thriller",103 ,Film,R,-,Moderate,Severe,Moderate,Mild,Severe
Dogman,2018,7.2,"24,887","Crime, Drama, Thriller",103 ,Film,Not Rated,-,Mild,Severe,Mild,Severe,Moderate
Midnight Express,1978,7.6,"76,805","Biography, Crime, Drama",121 ,Film,R,-,Moderate,Severe,Moderate,Severe,Severe
August Rush,2007,7.5,"105,637","Drama, Music",114 ,Film,PG,-,None,Mild,Mild,None,Mild
Suburgatory,2007,7.2,"31,380",Comedy,22 ,Series,TV-PG,57,Mild,No Rate,Mild,Mild,No Rate
Jiok,2007,6.8,31,"Crime, Drama, Fantasy",150 ,Series,TV-MA,6,No Rate,No Rate,No Rate,No Rate,No Rate
Unlocked,2017,6.3,"33,110","Action, Thriller",98 ,Film,R,-,None,Moderate,Moderate,None,Moderate
Playing with Fire,2019,5.1,"12,843","Comedy, Family",96 ,Film,PG,-,Mild,Mild,None,None,Mild
Cool World,1992,4.9,"22,442","Animation, Comedy, Fantasy",102 ,Film,PG-13,-,Moderate,Mild,Mild,Moderate,Mild
Mainstream,2020,4.9,"1,917","Comedy, Drama",94 ,Film,R,-,Moderate,None,Severe,Mild,Mild
All About Steve,2009,4.8,"41,066","Comedy, Romance",99 ,Film,PG-13,-,Mild,None,Mild,Mild,Moderate
Bloody Hell,2020,6.6,"4,760","Action, Comedy, Horror",93 ,Film,R,-,None,Moderate,Severe,Mild,Moderate
The Newsreader,2020,7.6,634,Drama,None,Series,None,6,No Rate,No Rate,No Rate,No Rate,No Rate
The Mallorca Files,2020,6.6,"1,643","Crime, Drama",45 ,Series,TV-PG,16,None,Mild,Mild,Mild,Mild
Boksuneun naui geot,2002,7.6,"65,920","Crime, Drama, Thriller",129 ,Film,R,-,Moderate,Severe,Moderate,Moderate,Moderate
A Journal for Jordan,2021,No Rate,No Votes,Drama,None,Film,None,-,No Rate,No Rate,No Rate,No Rate,No Rate
The Unbearable Lightness of Being,1988,7.3,"35,122","Drama, Romance",171 ,Film,R,-,Severe,Mild,None,Moderate,Mild
Elena Undone,2010,6.1,"5,706","Drama, Romance",111 ,Film,Not Rated,-,Moderate,No Rate,No Rate,No Rate,No Rate
The Tunnel,2010,7.9,"8,386","Crime, Drama, Mystery",60 ,Series,TV-MA,24,Moderate,Moderate,Mild,Moderate,Moderate
The Dukes of Hazzard,2005,5.1,"77,398",Comedy,104 ,Film,PG-13,-,Moderate,Mild,Moderate,Mild,None
The Guard,2011,7.3,"84,037","Comedy, Crime, Thriller",96 ,Film,R,-,Mild,Moderate,Severe,Mild,Mild
Walk Hard: The Dewey Cox Story,2007,6.8,"69,975","Comedy, Music",96 ,Film,R,-,Severe,Moderate,Severe,Severe,Mild
Dronningen,2019,7.1,"9,821",Drama,127 ,Film,NC-17,-,Severe,Mild,Mild,Mild,Moderate
Passions,2019,6.2,"4,461",Drama,60 ,Series,TV-14,1608,No Rate,No Rate,No Rate,No Rate,No Rate
Shivers,1975,6.4,"20,088","Horror, Sci-Fi",87 ,Film,R,-,Severe,Severe,Mild,Mild,Moderate
Taking Lives,2004,6.2,"86,632","Crime, Mystery, Thriller",103 ,Film,R,-,Moderate,Severe,Moderate,Mild,Moderate
Krull,1983,6.1,"31,840","Action, Adventure, Fantasy",116 ,Film,PG,-,None,Mild,None,None,Moderate
Monsters vs. Aliens,2009,6.4,"154,051","Animation, Action, Adventure",94 ,Film,PG,-,None,Mild,None,None,Mild
Papurika,2006,7.7,"77,121","Animation, Drama, Fantasy",90 ,Film,R,-,Moderate,Moderate,None,Mild,Moderate
Naked Lunch,1991,7.0,"49,514",Drama,115 ,Film,R,-,Moderate,Moderate,Moderate,Severe,Severe
Mom and Dad,2017,5.5,"22,391","Comedy, Horror, Thriller",86 ,Film,R,-,Moderate,Severe,Severe,Moderate,Severe
L.A. Law,2017,7.0,"5,264",Drama,46 ,Series,TV-PG,171,Moderate,No Rate,Moderate,Moderate,No Rate
Une fille facile,2019,5.6,"4,615","Comedy, Drama",92 ,Film,TV-MA,-,Moderate,None,Mild,Moderate,None
On Golden Pond,1981,7.6,"29,558",Drama,109 ,Film,PG,-,None,None,Moderate,None,Mild
Akame ga Kill!,2014,7.8,"20,180","Animation, Action, Adventure",24 ,Series,TV-MA,49,Moderate,Severe,Mild,Mild,Severe
Together Together,2021,6.4,"4,370",Comedy,90 ,Film,R,-,Moderate,None,Moderate,Mild,Mild
Rumble Fish,1983,7.2,"33,217","Crime, Drama, Romance",94 ,Film,R,-,Moderate,Moderate,Moderate,Moderate,Moderate
The Santa Clause,1994,6.5,"104,082","Comedy, Drama, Family",97 ,Film,PG,-,None,None,Mild,None,None
Sliver,1993,5.1,"30,396","Drama, Thriller",107 ,Film,R,-,Severe,Moderate,Severe,Mild,Moderate
Short Term 12,2013,8.0,"85,207",Drama,96 ,Film,R,-,Mild,Moderate,Severe,Moderate,Moderate
Hoo-goong: Je-wang-eui cheob,2012,6.1,"1,865","Drama, History, Romance",122 ,Film,Unrated,-,Severe,Moderate,Mild,Moderate,Moderate
Newsies,1992,6.9,"19,993","Drama, Family, History",121 ,Film,PG,-,None,Mild,Mild,Mild,Mild
The Heartbreak Kid,2007,5.8,"89,299","Comedy, Romance",116 ,Film,R,-,Severe,None,Severe,Moderate,None
Sophie's Choice,1982,7.6,"45,979","Drama, Romance",150 ,Film,R,-,Mild,Mild,Moderate,Mild,Severe
The Searchers,1956,7.9,"85,507","Adventure, Drama, Western",119 ,Film,Passed,-,None,Mild,Mild,Mild,Mild
Sky Rojo,1956,6.6,"7,906","Action, Adventure, Crime",31 ,Series,TV-MA,16,Severe,Severe,Moderate,Severe,Moderate
Amazing Stories,1956,6.3,"5,383","Action, Adventure, Drama",52 ,Series,TV-PG,5,No Rate,No Rate,No Rate,No Rate,No Rate
Agora,2009,7.2,"68,016","Adventure, Biography, Drama",127 ,Film,R,-,Mild,Moderate,Mild,None,Moderate
London Fields,2018,4.0,"8,582","Crime, Mystery, Thriller",118 ,Film,R,-,Moderate,Moderate,Moderate,Moderate,Moderate
Cardinal,2018,7.7,"8,047","Crime, Drama, Mystery",42 ,Series,TV-MA,24,Mild,Severe,None,No Rate,Severe
The Last Full Measure,2019,6.8,"10,133","Drama, War",116 ,Film,R,-,None,Severe,Moderate,Mild,Moderate
Megan,2020,4.0,63,Thriller,89 ,Film,None,-,No Rate,No Rate,No Rate,No Rate,No Rate
Z-O-M-B-I-E-S 3,2020,No Rate,No Votes,"Family, Musical, Romance",None,Film,None,-,No Rate,No Rate,No Rate,No Rate,No Rate
Not Going Out,2020,7.6,"6,520",Comedy,30 ,Series,TV-MA,87,Mild,None,Moderate,Mild,None
Whose Line Is It Anyway?,2020,8.5,"41,538","Comedy, Game-Show",30 ,Series,TV-PG,220,Mild,None,Mild,None,None
John and the Hole,2021,5.3,"1,361","Drama, Thriller",103 ,Film,R,-,None,None,Severe,Mild,Mild
Redeeming Love,2022,No Rate,No Votes,"Drama, History, Romance",None,Film,PG-13,-,No Rate,No Rate,No Rate,No Rate,No Rate
Overdrive,2017,5.4,"13,962","Action, Adventure, Crime",93 ,Film,PG-13,-,Mild,Moderate,Moderate,Mild,Moderate
The Last Days on Mars,2013,5.5,"36,305","Adventure, Horror, Sci-Fi",98 ,Film,R,-,None,Moderate,Moderate,None,Moderate
Red Riding Hood,2011,5.5,"110,202","Fantasy, Horror, Mystery",100 ,Film,PG-13,-,Mild,Moderate,Mild,Mild,Moderate
Love Story,1970,6.9,"32,921","Drama, Romance",100 ,Film,PG,-,Mild,None,Moderate,None,None
Creep 2,2017,6.5,"22,837","Crime, Drama, Horror",78 ,Film,Not Rated,-,Moderate,Moderate,Moderate,Mild,Moderate
Maximum Overdrive,1986,5.5,"31,555","Action, Comedy, Horror",98 ,Film,R,-,Mild,Severe,Moderate,Mild,Moderate
The Great Outdoors,1988,6.6,"43,876",Comedy,91 ,Film,PG,-,Mild,Mild,Moderate,Mild,Mild
Dive Club,1988,6.2,570,"Adventure, Drama, Family",27 ,Series,TV-PG,12,No Rate,No Rate,No Rate,No Rate,No Rate
Aterrados,2017,6.5,"13,708",Horror,87 ,Film,Not Rated,-,None,Moderate,Mild,Mild,Severe
Rugrats,2017,4.3,509,"Animation, Adventure, Comedy",23 ,Series,TV-Y7,26,Mild,None,No Rate,No Rate,Mild
Dead & Buried,1981,6.6,"11,572","Horror, Mystery",94 ,Film,R,-,Mild,Severe,Mild,Mild,Moderate
What Ever Happened to Baby Jane?,1962,8.1,"52,998","Drama, Horror, Thriller",134 ,Film,Passed,-,None,Moderate,Mild,Mild,Moderate
Invasion of the Body Snatchers,1956,7.7,"47,318","Drama, Horror, Sci-Fi",80 ,Film,Approved,-,None,Mild,None,Mild,Mild
Asesino del Olvido,1956,7.2,40,"Crime, Drama, Thriller",60 ,Series,None,10,No Rate,No Rate,No Rate,No Rate,No Rate
Pawn Sacrifice,2014,7.0,"42,966","Biography, Drama, History",115 ,Film,PG-13,-,Mild,None,Mild,Mild,None
Pereval Dyatlova,2014,7.8,"1,952","Action, Horror, Thriller",54 ,Series,None,8,No Rate,No Rate,No Rate,No Rate,No Rate
Heist,2001,6.5,"34,933","Action, Crime, Drama",109 ,Film,R,-,Mild,Severe,Severe,Mild,Mild
Skylines,2020,4.7,"7,188","Action, Adventure, Sci-Fi",113 ,Film,R,-,None,Moderate,Mild,None,Mild
Countess Dracula,1971,6.0,"3,999",Horror,93 ,Film,PG,-,Moderate,Mild,None,Mild,Mild
Lark Rise to Candleford,1971,8.1,"7,094","Drama, Romance",53 ,Series,TV-PG,40,None,No Rate,None,Mild,Mild
Crashing,2016,7.7,"17,071",Comedy,30 ,Series,TV-MA,6,No Rate,No Rate,No Rate,No Rate,No Rate
The Best of Me,2014,6.7,"69,314","Drama, Romance",118 ,Film,PG-13,-,Mild,Moderate,Mild,Mild,Mild
Henry: Portrait of a Serial Killer,1986,7.0,"34,279","Biography, Crime, Drama",83 ,Film,Unrated,-,Severe,Severe,Moderate,Moderate,Severe
The Glades,1986,7.5,"12,580","Action, Crime, Drama",60 ,Series,TV-14,49,Mild,No Rate,Mild,No Rate,Moderate
Being Human,1986,7.5,"24,973","Drama, Fantasy, Horror",44 ,Series,TV-14,52,Mild,Severe,Mild,Moderate,Severe
Grosse Freiheit,2021,7.7,208,Drama,116 ,Film,None,-,No Rate,No Rate,No Rate,No Rate,No Rate
Phenomena,1985,6.8,"25,054","Crime, Horror, Mystery",116 ,Film,R,-,None,Severe,Mild,Mild,Severe
Takers,2010,6.2,"60,684","Action, Crime, Thriller",107 ,Film,PG-13,-,Mild,Moderate,Moderate,Mild,Moderate
The Life & Times of Tim,2010,8.2,"6,151","Animation, Comedy",900 ,Series,None,30,No Rate,No Rate,No Rate,No Rate,No Rate
The Last Emperor,1987,7.7,"98,864","Biography, Drama, History",163 ,Film,PG-13,-,Moderate,Moderate,Mild,Moderate,Mild
Roman Holiday,1953,8.0,"133,645","Comedy, Romance",118 ,Film,Passed,-,None,None,None,Mild,None
Christopher Robin,2018,7.3,"73,294","Animation, Adventure, Comedy",104 ,Film,PG,-,None,None,None,None,Mild
Mil gritos tiene la noche,1982,6.1,"9,902","Horror, Mystery, Thriller",85 ,Film,Not Rated,-,Severe,Severe,Moderate,Mild,Severe
Young Guns 3: Alias Billy the Kid,2022,No Rate,No Votes,Western,None,Film,None,-,No Rate,No Rate,No Rate,No Rate,No Rate
Enduring Love,2004,6.3,"10,320","Drama, Mystery, Romance",100 ,Film,R,-,Mild,Moderate,Moderate,Moderate,Mild
The Adventures of Buckaroo Banzai Across the 8th Dimension,1984,6.4,"25,269","Adventure, Comedy, Sci-Fi",103 ,Film,PG,-,None,Mild,Mild,Mild,None
The Legend of Zorro,2005,6.0,"97,559","Action, Adventure, Romance",129 ,Film,PG,-,None,Moderate,Mild,Mild,Moderate
Spree,2020,5.9,"7,261","Comedy, Crime, Drama",93 ,Film,Not Rated,-,Mild,Severe,Moderate,Mild,Moderate
About Cherry,2012,4.8,"10,218",Drama,98 ,Film,R,-,Moderate,Mild,Moderate,Moderate,Mild
True Grit,1969,7.4,"45,631","Adventure, Drama, Western",128 ,Film,G,-,None,Moderate,Mild,Mild,Moderate
The Incredible Hulk,1969,7.0,"12,817","Action, Adventure, Drama",60 ,Series,TV-PG,82,None,Mild,None,No Rate,Mild
The Glass House,2001,5.8,"35,395","Crime, Drama, Mystery",106 ,Film,PG-13,-,Mild,Moderate,Moderate,Moderate,Moderate
Obsessed,2009,5.0,"31,331","Drama, Romance, Thriller",108 ,Film,PG-13,-,Mild,Moderate,Mild,Mild,Moderate
Krampus,2015,6.2,"66,900","Comedy, Drama, Fantasy",98 ,Film,PG-13,-,None,Moderate,Mild,Mild,Moderate
Fools Rush In,1997,6.1,"34,679","Comedy, Drama, Romance",109 ,Film,PG-13,-,Mild,None,Moderate,Mild,None
Brawl in Cell Block 99,2017,7.2,"62,894","Action, Crime, Drama",132 ,Film,Not Rated,-,Mild,Severe,Moderate,Mild,Severe
'71,2014,7.2,"53,990","Action, Crime, Drama",99 ,Film,R,-,None,Severe,Severe,Mild,Moderate
I Am Lisa,2020,4.0,658,"Horror, Thriller",92 ,Film,None,-,No Rate,No Rate,No Rate,No Rate,No Rate
Centaurworld,2020,7.6,"1,020","Animation, Adventure, Comedy",25 ,Series,TV-Y7,20,None,None,None,None,Mild
The Lego Movie 2: The Second Part,2019,6.6,"60,572","Animation, Adventure, Comedy",107 ,Film,PG,-,None,Mild,None,None,Mild
Kalifat,2019,8.2,"16,220","Crime, Drama, Thriller",46 ,Series,TV-MA,8,Mild,Moderate,Moderate,No Rate,No Rate
This Is How You Die,2013,6.6,44,"Short, Comedy, Horror",6 ,Film,None,-,No Rate,No Rate,No Rate,No Rate,No Rate
My So-Called Life,2013,8.3,"19,922","Comedy, Drama, Romance",60 ,Series,TV-14,19,Mild,None,Mild,Mild,Mild
Bad Santa,2003,7.0,"138,226","Comedy, Crime, Drama",92 ,Film,R,-,Moderate,Moderate,Severe,Severe,Moderate
Fire Force,2003,7.7,"5,024","Animation, Action, Drama",23 ,Series,TV-14,48,Moderate,Moderate,Mild,Mild,Mild
My Spy,2020,6.4,"27,588","Action, Comedy",99 ,Film,PG-13,-,None,Moderate,Moderate,Mild,Mild
2025: The World Enslaved by a Virus,2021,1.3,348,"Adventure, Comedy, Sci-Fi",92 ,Film,None,-,No Rate,No Rate,No Rate,No Rate,No Rate
Anger Management,2021,6.6,"30,523","Comedy, Romance",22 ,Series,TV-14,100,Moderate,Mild,Mild,Mild,None
The Owners,2020,4.9,"6,762","Comedy, Crime, Horror",92 ,Film,Not Rated,-,Mild,Moderate,Severe,Mild,Moderate
Avatar: The Last Airbender,2020,No Rate,No Votes,"Action, Adventure, Fantasy",None,Series,None,2,No Rate,No Rate,No Rate,No Rate,No Rate
Sharknado,2013,3.3,"48,258","Action, Adventure, Comedy",86 ,Film,TV-14,-,None,Severe,Mild,Mild,Mild
Tales from the Crypt: Demon Knight,1995,6.7,"22,914","Action, Fantasy, Horror",92 ,Film,R,-,Moderate,Severe,Moderate,Mild,Moderate
Man Down,1995,7.6,"3,790",Comedy,30 ,Series,TV-MA,26,Mild,Mild,Moderate,Mild,None
The Debt,2010,6.8,"67,883","Drama, Thriller",113 ,Film,R,-,Mild,Moderate,Moderate,Mild,Moderate
Ice Age: Continental Drift,2012,6.5,"199,468","Animation, Adventure, Comedy",88 ,Film,PG,-,None,Mild,None,None,Mild
Neighbors 2: Sorority Rising,2016,5.7,"117,943",Comedy,92 ,Film,R,-,Moderate,Mild,Severe,Severe,None
Outsiders,2016,7.5,"7,893","Crime, Drama",60 ,Series,TV-MA,26,Mild,Moderate,Moderate,Moderate,No Rate
The Quiet Ones,2014,5.1,"19,977","Horror, Mystery, Thriller",98 ,Film,PG-13,-,Mild,Mild,Mild,Mild,Moderate
Marathon Man,1976,7.4,"60,858","Crime, Thriller",125 ,Film,R,-,Moderate,Severe,Moderate,Mild,Severe
Little Man,2006,4.5,"52,927","Comedy, Crime",98 ,Film,PG-13,-,Moderate,Moderate,Moderate,Mild,None
